Handle,Title,Body (HTML),Vendor,Product Category,Type,Tags,Published,Option1 Name,Option1 Value,Option2 Name,Option2 Value,Option3 Name,Option3 Value,Variant SKU,Variant Grams,Variant Inventory Tracker,Variant Inventory Qty,Variant Inventory Policy,Variant Fulfillment Service,Variant Price,Variant Compare At Price,Variant Requires Shipping,Variant Taxable,Variant Barcode,Image Src,Image Position,Image Alt Text,Gift Card,SEO Title,SEO Description,Google Shopping / Google Product Category,Google Shopping / Gender,Google Shopping / Age Group,Google Shopping / MPN,Google Shopping / Condition,Google Shopping / Custom Product,Google Shopping / Custom Label 0,Google Shopping / Custom Label 1,Google Shopping / Custom Label 2,Google Shopping / Custom Label 3,Google Shopping / Custom Label 4,Variant Image,Variant Weight Unit,Variant Tax Code,Cost per item,Included / Brazil,Price / Brazil,Compare At Price / Brazil,Included / International,Price / International,Compare At Price / International,Status
save-effort-adjustable-opener-for-jar-cans-bottle-tin-cool-gadgets-kitchen-utensils-home-supplies-accessories-tools,Abridor de tarros manual Frascos Botellas Tapas Multiusos,"<h1 style=""text-align: center;"" class=""ui-pdp-title"" data-mce-style=""text-align: center;""><span style=""color: rgb(255, 0, 214);"" data-mce-style=""color: rgb(255, 0, 214);"">Abridor de tarros manual Frascos Botellas Tapas Multiusos</span></h1>
<p style=""text-align: center;"" data-mce-style=""text-align: center;""> <span>Este es un excelente Abrelatas para cocina, ideal para abrir frascos, botellas y conservas de aceitunas, palmitos, entre otros. Posee una cuchilla de acero inoxidable que corta fácilmente la tapa del frasco, sin dañar su contenido. Además, cuenta con un mango ergonómico que garantiza mayor comodidad y seguridad en el manejo.</span></p>
<p style=""text-align: center;"" data-mce-style=""text-align: center;""><span data-mce-fragment=""1""><img src=""https://http2.mlstatic.com/D_NQ_NP_2X_647307-MLB47428014674_092021-F.webp"" width=""501"" height=""476"" data-mce-src=""https://http2.mlstatic.com/D_NQ_NP_2X_647307-MLB47428014674_092021-F.webp""></span></p>
<h2 dir=""ltr"" data-ved=""2ahUKEwiiyvyG4rqGAxW6qJUCHRllBtcQ3ewLegQIBRAU"" aria-label=""Texto traduzido"" id=""tw-target-text"" data-placeholder=""Tradução"" class=""tw-data-text tw-text-large tw-ta""><strong><span lang=""es"" class=""Y2IQFc"">Especificaciones:</span></strong></h2>
<p><span>Material: Acero Inoxidable y Plástico ABS</span><br><span>Longitud Total: 4 cm</span><br><span>Ancho Cerrado: 8,5 cm</span><br><span>Ancho Abierto: 12 cm</span><br><span>Altura: 6 cm</span><br><span>Peso: 100 g</span></p>
<p style=""text-align: center;"" data-mce-style=""text-align: center;""><br></p>
<h2 style=""text-align: left;"" data-mce-style=""text-align: left;""><br></h2>",DSERS,Sem categoria,genéricos,"casa, mas-vendidos",TRUE,Color,Blanco,,,,,14:193#jar opener white,0.0,shopify,0,continue,manual,125386.2,,TRUE,FALSE,,https://cdn.shopify.com/s/files/1/0640/7225/3577/files/Scebf063008b64881bd1cd91fc2785169s.jpg?v=1717510539,1,,FALSE,,,,,,,,,,,,,,https://cdn.shopify.com/s/files/1/0640/7225/3577/files/Sf79e6e8c010b487dbd67d0680030288fR.jpg?v=1717510539,kg,,,TRUE,,,TRUE,,,active
smartearpods-3-0,SmartEarpods 3.0 - Auriculares Bluetooth,"<h1 style=""text-align: left;"" data-mce-fragment=""1"" data-mce-style=""text-align: left;""><span style=""color: rgb(128, 255, 0);"">SmartEarpods 3.0 - Auriculares Bluetooth</span></h1>
<div style=""text-align: left;"" data-mce-fragment=""1"" data-mce-style=""text-align: left;"">Los SmartEarpods 3.0 garantizan seguridad y calidad al mismo tiempo, además de tecnología con alta calidad de sonido, también permiten contestar/finalizar llamadas con un solo clic, pausar música, reproducir canciones, etc. Con su protección impermeable te sentirás seguro y protegido ante cualquier imprevisto que pueda ocurrir.<br><strong>Sensor táctil avanzado intuitivo, solo toque para activar</strong>
</div>
<div><img alt="""" src=""https://cdn.shopify.com/s/files/1/0569/7110/0220/files/viegaro-smart-earpods-3-0-fones-de-ouvido-bluetooth-a-prova-d-agua-fone-de-ouvido-31907472408731_600x_500x_650a903e-b420-41c5-abb0-6b8773955ed6_480x480.jpg?v=1656964122"" width=""414"" height=""414"" style=""display: block; margin-left: auto; margin-right: auto;""></div>
<h3 style=""text-align: center;"" data-mce-fragment=""1"" data-mce-style=""text-align: center;""><span data-mce-fragment=""1""><strong data-mce-fragment=""1"">Bluetooth 5.0</strong></span></h3>
<p style=""text-align: left;"" data-mce-fragment=""1"" data-mce-style=""text-align: left;"">Tiene una conexión Bluetooth (admite todos los dispositivos) que se puede conectar desde una distancia de 300 metros o 983 pies.</p>
<p style=""text-align: left;"" data-mce-fragment=""1"" data-mce-style=""text-align: left;""> </p>
<p style=""text-align: left;"" data-mce-fragment=""1"" data-mce-style=""text-align: left;""><span data-mce-fragment=""1""><img style=""display: block; margin-left: auto; margin-right: auto;"" height=""398"" width=""398"" src=""https://cdn.shopify.com/s/files/1/0569/7110/0220/files/viegaro-smart-earpods-3-0-fones-de-ouvido-bluetooth-a-prova-d-agua-fone-de-ouvido-31885785858203_600x_500x_f19eb392-4002-4a2b-b27a-b1052b9b2f82_480x480.jpg?v=1656964147"" alt=""""></span></p>
<h3 style=""text-align: center;"" data-mce-fragment=""1"" data-mce-style=""text-align: center;""><br></h3>",DSERS,Sem categoria,genéricos,"electrónica, mas-vendidos",TRUE,Color,Blanco,,,,,,0.0,shopify,0,continue,manual,51586.2,,TRUE,FALSE,,https://cdn.shopify.com/s/files/1/0640/7225/3577/files/viegaro-smart-earpods-3-0-fones-de-ouvido-bluetooth-a-prova-d-agua-fone-de-ouvido-31885785858203_600x_500x_f19eb392-4002-4a2b-b27a-b1052b9b2f82.jpg?v=1717510535,1,,FALSE,,,,,,,,,,,,,,https://cdn.shopify.com/s/files/1/0640/7225/3577/files/viegaro-smart-earpods-3-0-fones-de-ouvido-bluetooth-a-prova-d-agua-fone-de-ouvido-31885785858203_600x_500x_f19eb392-4002-4a2b-b27a-b1052b9b2f82.jpg?v=1717510535,kg,,,TRUE,,,TRUE,,,active
bentoben-fone-de-ouvido-com-fio-para-jogos,Auriculares para juegos con cable Bentoben,"<h1 style=""text-align: center;""><span style=""color: rgb(128, 255, 0);"">Auriculares para juegos con cable Bentoben</span></h1>
<h4 class=""tw-data-text tw-text-large tw-ta"" data-placeholder=""Tradução"" id=""tw-target-text"" aria-label=""Texto traduzido"" data-ved=""2ahUKEwiiyvyG4rqGAxW6qJUCHRllBtcQ3ewLegQIBRAU"" dir=""ltr"" style=""text-align: center;""><span class=""Y2IQFc"" lang=""es"" style=""color: rgb(128, 128, 128);"">Los auriculares para juegos con cable Bentoben son una excelente opción para los jugadores. Estos auriculares ofrecen una experiencia de juego totalmente inmersiva, brindando un sonido sorprendentemente potente y graves profundos. Está equipado con un micrófono unidireccional que bloquea el ruido externo, para que puedas comunicarte libremente con tus compañeros de juego sin preocupaciones. Los auriculares también tienen un diseño ergonómico que ofrece un ajuste cómodo y seguro para garantizar que su juego no se vea interrumpido por ninguna molestia.</span></h4>
<div><img alt="""" src=""https://cdn.shopify.com/s/files/1/0640/7225/3577/files/Bentoben-fone-de-ouvido-com-fio-para-jogos-7-1-som-est-reo-microfone-usb-respira.jpg_Q90.jpg_6949588e-622c-4584-ba9c-72c54dec2f66.jpg?v=1717510532""></div>
<h3 class=""tw-data-text tw-text-large tw-ta"" data-placeholder=""Tradução"" id=""tw-target-text"" aria-label=""Texto traduzido"" data-ved=""2ahUKEwiiyvyG4rqGAxW6qJUCHRllBtcQ3ewLegQIBRAU"" dir=""ltr"" style=""text-align: left;""><strong><span class=""Y2IQFc"" lang=""es"" style=""color: rgb(64, 64, 64);"">Especificaciones:</span></strong></h3>
<div>Nombre de la marca: BENTOBEN<br>Estilo: auriculares<br>Principio de vocalización: dinámica.<br>Cancelación activa de ruido: Sí<br>Botón de control: Sí<br>Comunicación: CUIDADO<br>Control de volumen: Sí<br>Sensibilidad: 42dB<br>Inalámbrico: N<br>Certificado: CE<br>Número de controladores: 4<br>Tipo de enchufe: tipo de línea<br>Rango de impedancia: hasta 32Ω<br>Conectores: USB<br>
<p style=""text-align: center;"" data-mce-fragment=""1""><br></p>
<div style=""text-align: center;"" data-mce-fragment=""1""><br></div>
</div>",DSERS,Sem categoria,genéricos,"electrónica, mas-vendidos",TRUE,Title,Default Title,,,,,,0.0,shopify,0,continue,manual,88486.2,,TRUE,FALSE,,https://cdn.shopify.com/s/files/1/0640/7225/3577/files/Bentoben-fone-de-ouvido-com-fio-para-jogos-7-1-som-est-reo-microfone-usb-respira.jpg_Q90.jpg_6949588e-622c-4584-ba9c-72c54dec2f66.jpg?v=1717510532,1,,FALSE,,,,,,,,,,,,,,,kg,,,TRUE,,,TRUE,,,active
darkflash-dr12pro-120mm-cooling-fan-rgb-pc-gamer-adjust-speed-double-halo-cooler-argb-adjustable-computer-case-fan-ventilador,Fanático de Aigo Darkflash,"<div style=""text-align: center;"">
<h1 class=""title is-small""><span style=""color: rgb(255, 42, 0);"">Fanático de Aigo Darkflash</span></h1>
</div>
<div style=""text-align: center;"">Admite AURA Sync + Control de velocidad del ventilador + Control de modo de efecto de luz LED. Dr12 Pro Dual LED Ring Fan La luz RGB dual muestra un efecto visual vívido. La RF inalámbrica opera velocidad, modo y color. El LED de tercera generación tiene función de flujo de luz. Rodamiento hidráulico, fabricado con materiales ecológicos de alta calidad. Compatible con Asus aura sync La sincronización de este ventilador es: 3p-5v.</div>
<div style=""text-align: center;""><img alt="""" src=""https://cdn.shopify.com/s/files/1/0682/9198/5717/files/Sd82bda50a77542a4b0edf22cc462536bZ_480x480.jpg?v=1685367238""></div>
<div style=""text-align: center;"">
<span data-mce-fragment=""1""></span><br>
</div>
<div style=""text-align: center;""><br></div>",DSERS,Sem categoria,genéricos,"electrónica, mas-vendidos",TRUE,modelo,1 fan,,,,,200007763:201336100;14:366103#sigle fan;272514294:151425550;200000544:193,0.0,shopify,0,continue,manual,95866.2,184426.2,TRUE,FALSE,,https://cdn.shopify.com/s/files/1/0640/7225/3577/files/Sd82bda50a77542a4b0edf22cc462536bZ.jpg?v=1717510530,1,,FALSE,,,,,,,,,,,,,,https://cdn.shopify.com/s/files/1/0640/7225/3577/files/S39ed66faf18249fab881f99e4099ed3eV.jpg?v=1717510530,kg,,,TRUE,,,TRUE,,,active
joelheira-para-basquete-e-volei-cinta-elastica-de-compressao,"Rodillera de baloncesto y voleibol, correa de compresión elástica","<div class=""product-extend-sidebar"" data-spm-anchor-id=""a2g0o.detail.0.i8.70ef1b17Siv4zw"" data-mce-fragment=""1"">
<div class=""top-sell"" data-spm=""100009"" data-spm-max-idx=""6"" data-mce-fragment=""1"">
<h1 class=""view-more-block"" style=""text-align: center;"" data-mce-fragment=""1""><span style=""color: rgb(179, 179, 179);"">Rodillera de baloncesto y voleibol, correa de compresión elástica</span></h1>
</div>
</div>
<div class=""product-detail"" id=""product-detail"" data-mce-fragment=""1"">
<div class=""instore-info-container"" data-mce-fragment=""1"">
<div class=""store-info"" data-mce-fragment=""1"">
<div class=""store-info-content"" data-spm=""100005"" data-spm-max-idx=""3"" data-mce-fragment=""1"">
<div class=""store-info-btn"" data-mce-fragment=""1"">
<div class=""add-store-list follow-btn"" style=""text-align: center;"" data-mce-fragment=""1"">
<br data-mce-fragment=""1"">Se utiliza una rodillera de baloncesto y voleibol para brindar apoyo y compresión a la rodilla durante las actividades físicas. Generalmente hecha de látex elástico, nailon o neopreno, la rodillera brinda soporte al tobillo, la articulación del tobillo o la rodilla para ayudar a aliviar el dolor y la tensión en toda la rodilla, además de prevenir lesiones. Las rodilleras vienen en una variedad de tamaños y estilos; Se puede ajustar para que se ajuste suavemente alrededor de la rodilla para lograr la máxima estabilidad y es utilizado por profesionales y aficionados del baloncesto y el voleibol de todo el mundo.<br>
</div>
</div>
</div>
</div>
</div>
<div class=""product-detail-tab"" data-mce-fragment=""1"">
<div class=""detail-extend-tab"" data-mce-fragment=""1"">
<div class=""tab-content"" data-mce-fragment=""1"">
<div data-mce-fragment=""1"">
<div class=""product-overview"" data-mce-fragment=""1"">
<div id=""product-description"" data-spm=""1000023"" class=""product-description"" data-mce-fragment=""1"">
<div class=""origin-part box-sizing"" data-mce-fragment=""1"">
<div class=""detailmodule_html"" data-mce-fragment=""1"">
<div class=""detail-desc-decorate-richtext"" data-mce-fragment=""1"">
<div data-mce-fragment=""1"">
<div data-mce-fragment=""1"">
<div data-mce-fragment=""1"">
<div data-mce-fragment=""1"">
<div data-mce-fragment=""1"">
<div data-mce-fragment=""1"">
<div data-mce-fragment=""1"">
<div data-mce-fragment=""1"">
<p data-mce-fragment=""1""><img src=""https://ae01.alicdn.com/kf/H486b656b96ce49c7bf0434ce5e89586eQ.jpg?width=950&amp;height=1425&amp;hash=2375"" width=""502"" height=""753"" style=""display: block; margin-left: auto; margin-right: auto;"" data-mce-fragment=""1"" data-mce-src=""https://ae01.alicdn.com/kf/H486b656b96ce49c7bf0434ce5e89586eQ.jpg?width=950&amp;height=1425&amp;hash=2375"" slate-data-type=""image""><img src=""https://ae01.alicdn.com/kf/H802f82e7b5604a039b5a577ce75610f9S.jpg?width=950&amp;height=633&amp;hash=1583"" data-spm-anchor-id=""a2g0o.detail.1000023.i0.70ef1b17Siv4zw"" width=""500"" height=""333"" style=""display: block; margin-left: auto; margin-right: auto;"" data-mce-fragment=""1"" data-mce-src=""https://ae01.alicdn.com/kf/H802f82e7b5604a039b5a577ce75610f9S.jpg?width=950&amp;height=633&amp;hash=1583"" slate-data-type=""image""></p>
<div class=""add-store-list follow-btn"" data-mce-fragment=""1"">
<p><strong>Especificaciones</strong></p>
<p>Peso: 80 g por pieza<br>Material: poliéster<br>Aplicable: baloncesto, voleibol, ciclismo, carrera, etc.</p>
<p><strong>Lista de embalaje</strong></p>
<p>1 pieza x rodillera elástica para entrenamiento de seguridad deportiva (no un par)</p>
</div>
<p style=""text-align: center;"" data-mce-fragment=""1""><br></p>
<p><strong>Tamaño</strong></p>
<p>S: ancho superior 15 cm, ancho inferior 13 cm, largo 27 cm</p>
<p>Circunferencia recomendada del pie 30-34 cm, traje para peso: 35-40 kg</p>
<p>M: ancho superior 16 cm, ancho inferior 14 cm, largo 27 cm</p>
<p>Circunferencia recomendada del pie 35-41 cm, traje para peso: 40-60 kg</p>
<p>L: ancho superior 17 cm, ancho inferior 15 cm, largo 27 cm</p>
<p>Circunferencia recomendada del pie 42-47 cm, traje para peso: 60-75 kg</p>
<p>XL: ancho superior 18 cm, ancho inferior 16 cm, largo 27 cm</p>
<p>Circunferencia recomendada del pie 48-55 cm, traje para peso: 75-95 kg</p>
</div>
</div>
</div>
</div>
</div>
</div>
</div>
</div>
</div>
</div>
</div>
</div>
</div>
</div>
</div>
</div>
</div>
</div>",DSERS,Sem categoria,genéricos,"fitness, mas-vendidos",TRUE,Tamaño,P,,,,,,0.0,shopify,0,continue,manual,103246.2,,TRUE,FALSE,,https://cdn.shopify.com/s/files/1/0640/7225/3577/files/Hbeda4dd794d24b25bbcc1f0d55151e74b.jpg?v=1717510526,1,,FALSE,,,,,,,,,,,,,,https://cdn.shopify.com/s/files/1/0640/7225/3577/files/Hbeda4dd794d24b25bbcc1f0d55151e74b.jpg?v=1717510526,kg,,,TRUE,,,TRUE,,,active
luva-para-ciclismo,Guante para hacer ejercicio y andar en bicicleta.,"<h1 style=""text-align: center;""><span style=""color: rgb(179, 179, 179);"">Guante para hacer ejercicio y andar en bicicleta.</span></h1>
<p style=""text-align: center;"">Ideal para tu entrenamiento diario.<br>Estos guantes están recomendados para deportistas profesionales y amateurs que practican ciclismo. Deportistas que necesitan proteger sus manos y tener un agarre firme para minimizar riesgos. Proporciona disipación del calor y mayor estabilidad.</p>
<p style=""text-align: center;""><br>Funcionalidad - Ejercicios con más estabilidad, dando más calidad y mejores resultados a tu agarre y movimientos.</p>
<div style=""text-align: center;"">
<img src=""https://ae01.alicdn.com/kf/H2ac2101c8aba409a8903f2ff137592ceP.jpg?width=1000&amp;height=1000&amp;hash=2000"" width=""404"" height=""404"" style=""display: block; margin-left: auto; margin-right: auto;""><img src=""https://ae01.alicdn.com/kf/H7446b506a7b049e98998bcbbc6474271f.jpg?width=1000&amp;height=1000&amp;hash=2000"" width=""404"" height=""404"" style=""display: block; margin-left: auto; margin-right: auto;"" data-mce-fragment=""1"" data-mce-src=""https://ae01.alicdn.com/kf/H7446b506a7b049e98998bcbbc6474271f.jpg?width=1000&amp;height=1000&amp;hash=2000"">
</div>
<div style=""text-align: center;""><br></div>
<p><br></p>",DSERS,Sem categoria,genéricos,"fitness, mas-vendidos",TRUE,Tamaño,M,,,,,,0.0,shopify,0,continue,manual,169666.2,,TRUE,FALSE,,https://cdn.shopify.com/s/files/1/0640/7225/3577/files/Designsemnome_2.png?v=1717510524,1,,FALSE,,,,,,,,,,,,,,https://cdn.shopify.com/s/files/1/0640/7225/3577/files/Designsemnome_2.png?v=1717510524,kg,,,TRUE,,,TRUE,,,active
eastico-extensor-para-exercicio,Extensor Elástico - Para Ejercicio,"<div class=""rte product-single__description"" data-mce-fragment=""1"" itemprop=""description"">
<h1 style=""text-align: center;"" data-mce-fragment=""1""><span style=""color: rgb(128, 128, 128);"">Extensor Elástico - Para Ejercicio</span></h1>
<p style=""text-align: center;"" data-mce-fragment=""1"">Elástico extensor para hacer ejercicio en casa. Ayuda en el fortalecimiento de las líneas musculares, especialmente los músculos del brazo y la espalda.</p>
<p data-mce-fragment=""1""><span data-mce-fragment=""1""><img src=""https://cdn.shopify.com/s/files/1/0560/0342/8506/products/elastico-extensor-fitness-para-exercicio-em-casa_3_714ae348-77c5-4df7-a890-ac156935a9cf_480x480.jpg?v=1631121261"" alt="""" style=""display: block; margin-left: auto; margin-right: auto;"" width=""326"" height=""326"" data-mce-fragment=""1"" data-mce-src=""https://cdn.shopify.com/s/files/1/0560/0342/8506/products/elastico-extensor-fitness-para-exercicio-em-casa_3_714ae348-77c5-4df7-a890-ac156935a9cf_480x480.jpg?v=1631121261""></span></p>
<p style=""text-align: center;"">Es perfecto para entrenamientos de fuerza y ​​resistencia. El elástico te proporcionará un entrenamiento eficaz, permitiendo la estimulación de varios grupos musculares.</p>
<p style=""text-align: center;"">Ideal para entrenar hombros, bíceps, tríceps, glúteos y diversos grupos musculares. Tiene un fuerte efecto no sólo en la parte superior del cuerpo, sino también en los muslos, la cintura y los bíceps. También puede tratar el dolor muscular.</p>
<p><strong>Características</strong>:</p>
<p>Material: látex, espuma</p>
<p>Longitud: 40cm</p>
<p data-mce-fragment=""1""><span color=""#333333"" data-mce-fragment=""1""><img alt="""" src=""https://cdn.shopify.com/s/files/1/0560/0342/8506/products/elastico-extensor-fitness-para-exercicio-em-casa_1_2422df26-701b-4dbd-9175-69634fef1bad_480x480.jpg?v=1631121261"" style=""display: block; margin-left: auto; margin-right: auto;"" data-mce-fragment=""1"" data-mce-src=""https://cdn.shopify.com/s/files/1/0560/0342/8506/products/elastico-extensor-fitness-para-exercicio-em-casa_1_2422df26-701b-4dbd-9175-69634fef1bad_480x480.jpg?v=1631121261""><img src=""https://cdn.shopify.com/s/files/1/0560/0342/8506/products/elastico-extensor-fitness-para-exercicio-em-casa_5_619887e2-83ae-44c1-98b6-a5f9dae005f4_480x480.jpg?v=1631121261"" alt="""" style=""display: block; margin-left: auto; margin-right: auto;"" data-mce-fragment=""1"" data-mce-src=""https://cdn.shopify.com/s/files/1/0560/0342/8506/products/elastico-extensor-fitness-para-exercicio-em-casa_5_619887e2-83ae-44c1-98b6-a5f9dae005f4_480x480.jpg?v=1631121261""><img src=""https://cdn.shopify.com/s/files/1/0560/0342/8506/products/elastico-extensor-fitness-para-exercicio-em-casa_8_480x480.jpg?v=1631121261"" alt="""" style=""display: block; margin-left: auto; margin-right: auto;"" data-mce-fragment=""1"" data-mce-src=""https://cdn.shopify.com/s/files/1/0560/0342/8506/products/elastico-extensor-fitness-para-exercicio-em-casa_8_480x480.jpg?v=1631121261""><img src=""https://cdn.shopify.com/s/files/1/0560/0342/8506/products/elastico-extensor-fitness-para-exercicio-em-casa_9_480x480.jpg?v=1631121261"" alt="""" style=""display: block; margin-left: auto; margin-right: auto;"" data-mce-fragment=""1"" data-mce-src=""https://cdn.shopify.com/s/files/1/0560/0342/8506/products/elastico-extensor-fitness-para-exercicio-em-casa_9_480x480.jpg?v=1631121261""><img src=""https://cdn.shopify.com/s/files/1/0560/0342/8506/products/elastico-extensor-fitness-para-exercicio-em-casa_7_480x480.jpg?v=1631121261"" alt="""" style=""display: block; margin-left: auto; margin-right: auto;"" data-mce-fragment=""1"" data-mce-src=""https://cdn.shopify.com/s/files/1/0560/0342/8506/products/elastico-extensor-fitness-para-exercicio-em-casa_7_480x480.jpg?v=1631121261""><img src=""https://cdn.shopify.com/s/files/1/0560/0342/8506/products/elastico-extensor-fitness-para-exercicio-em-casa_2_d49dca10-6184-4608-b66f-35c8945cfc6b_480x480.jpg?v=1631121261"" alt="""" style=""display: block; margin-left: auto; margin-right: auto;"" data-mce-fragment=""1"" data-mce-src=""https://cdn.shopify.com/s/files/1/0560/0342/8506/products/elastico-extensor-fitness-para-exercicio-em-casa_2_d49dca10-6184-4608-b66f-35c8945cfc6b_480x480.jpg?v=1631121261""><img src=""https://cdn.shopify.com/s/files/1/0560/0342/8506/products/elastico-extensor-fitness-para-exercicio-em-casa_4_0b8278cc-cd01-48f6-a717-2279d9a49960_480x480.jpg?v=1631121261"" alt="""" style=""display: block; margin-left: auto; margin-right: auto;"" data-mce-fragment=""1"" data-mce-src=""https://cdn.shopify.com/s/files/1/0560/0342/8506/products/elastico-extensor-fitness-para-exercicio-em-casa_4_0b8278cc-cd01-48f6-a717-2279d9a49960_480x480.jpg?v=1631121261""><img src=""https://cdn.shopify.com/s/files/1/0560/0342/8506/products/elastico-extensor-fitness-para-exercicio-em-casa_6_480x480.jpg?v=1631121261"" alt="""" style=""display: block; margin-left: auto; margin-right: auto;"" data-mce-fragment=""1"" data-mce-src=""https://cdn.shopify.com/s/files/1/0560/0342/8506/products/elastico-extensor-fitness-para-exercicio-em-casa_6_480x480.jpg?v=1631121261""></span></p>
<h3><br></h3>
<div style=""text-align: center;""></div>
</div>",DSERS,Sem categoria,genéricos,"fitness, mas-vendidos",TRUE,Color,Azul,,,,,,0.0,shopify,0,continue,manual,162286.2,,TRUE,FALSE,,https://cdn.shopify.com/s/files/1/0640/7225/3577/files/Tpe-8-palavra-aptid-o-yoga-resist-ncia-goma-bandas-de-borracha-banda-el-stica-equipamentos.jpg_640x640_b8c7afc1-9a40-4230-ab89-27c177f029b7.jpg?v=1717510522,1,,FALSE,,,,,,,,,,,,,,https://cdn.shopify.com/s/files/1/0640/7225/3577/files/Tpe-8-palavra-aptid-o-yoga-resist-ncia-goma-bandas-de-borracha-banda-el-stica-equipamentos.jpg_640x640_9193accc-2acb-4c87-921a-0b31b23c483c.jpg?v=1717510522,kg,,,TRUE,,,TRUE,,,active
apoio-de-barra-fixa-portatil-para-flexao,Soporte de barra fija portátil - Para flexiones,"<h1 style=""text-align: center;"" data-mce-fragment=""1"" data-mce-style=""text-align: center;""><span style=""color: rgb(64, 64, 64);"">Soporte de barra fija portátil - Para flexiones</span></h1>
<h3 class=""tw-data-text tw-text-large tw-ta"" data-placeholder=""Tradução"" id=""tw-target-text"" aria-label=""Texto traduzido"" data-ved=""2ahUKEwiiyvyG4rqGAxW6qJUCHRllBtcQ3ewLegQIBRAU"" dir=""ltr"" style=""text-align: center;""><span class=""Y2IQFc"" lang=""es"" style=""color: rgb(128, 128, 128);"">2 soportes de barra fija para realizar flexiones. Fabricado en material antideslizante y seguro. Fácil montaje y alto rendimiento.</span></h3>
<p style=""text-align: center;"" data-mce-fragment=""1"" data-mce-style=""text-align: center;""><img style=""display: block; margin-left: auto; margin-right: auto;"" alt="""" src=""https://cdn.shopify.com/s/files/1/0560/0342/8506/products/apoio-barra-fixa-para-fazer-flexoes-antiderrapante_15_480x480.jpg?v=1643113342"" data-mce-fragment=""1"" data-mce-style=""display: block; margin-left: auto; margin-right: auto;"" data-mce-src=""https://cdn.shopify.com/s/files/1/0560/0342/8506/products/apoio-barra-fixa-para-fazer-flexoes-antiderrapante_15_480x480.jpg?v=1643113342""><br data-mce-fragment=""1""></p>
<h3 class=""tw-data-text tw-text-large tw-ta"" data-placeholder=""Tradução"" id=""tw-target-text"" aria-label=""Texto traduzido"" data-ved=""2ahUKEwiiyvyG4rqGAxW6qJUCHRllBtcQ3ewLegQIBRAU"" dir=""ltr"" style=""text-align: center;""><span class=""Y2IQFc"" lang=""es"" style=""color: rgb(128, 128, 128);"">La barra se puede utilizar de diferentes formas, ayuda a desarrollar el equilibrio y la coordinación. Reduce el impacto de las muñecas mediante soportes regulares.</span></h3>
<p style=""text-align: center;"" data-mce-fragment=""1"" data-mce-style=""text-align: center;""><img style=""display: block; margin-left: auto; margin-right: auto;"" alt="""" src=""https://cdn.shopify.com/s/files/1/0560/0342/8506/products/apoio-barra-fixa-para-fazer-flexoes-antiderrapante_3_480x480.jpg?v=1643113342"" data-mce-fragment=""1"" data-mce-style=""display: block; margin-left: auto; margin-right: auto;"" data-mce-src=""https://cdn.shopify.com/s/files/1/0560/0342/8506/products/apoio-barra-fixa-para-fazer-flexoes-antiderrapante_3_480x480.jpg?v=1643113342""><br data-mce-fragment=""1""></p>
<h3 class=""tw-data-text tw-text-large tw-ta"" data-placeholder=""Tradução"" id=""tw-target-text"" aria-label=""Texto traduzido"" data-ved=""2ahUKEwiiyvyG4rqGAxW6qJUCHRllBtcQ3ewLegQIBRAU"" dir=""ltr"" style=""text-align: center;""><span class=""Y2IQFc"" lang=""es"" style=""color: rgb(128, 128, 128);"">Permiten un mayor ángulo al realizar diversos ejercicios de flexión de brazos. Base alta (sin funda) para mejor tracción. La barra ergonómica tiene asas cómodas, lo que la convierte en la combinación perfecta para entrenar.</span></h3>
<p data-mce-fragment=""1""><img style=""display: block; margin-left: auto; margin-right: auto;"" alt="""" src=""https://cdn.shopify.com/s/files/1/0560/0342/8506/products/apoio-barra-fixa-para-fazer-flexoes-antiderrapante_12_480x480.jpg?v=1643113342"" data-mce-fragment=""1"" data-mce-style=""display: block; margin-left: auto; margin-right: auto;"" data-mce-src=""https://cdn.shopify.com/s/files/1/0560/0342/8506/products/apoio-barra-fixa-para-fazer-flexoes-antiderrapante_12_480x480.jpg?v=1643113342""><br data-mce-fragment=""1""><strong data-mce-fragment=""1"">Características:</strong></p>
<p data-mce-fragment=""1"">Peso: 560g<br data-mce-fragment=""1"">Material: ABS<br data-mce-fragment=""1"">Dimensiones: 22x14x10cm<br data-mce-fragment=""1"">Artículos incluidos: 01 <span class=""Y2IQFc"" lang=""es"">par de soportes para flexiones de barra fija</span></p>
<pre class=""tw-data-text tw-text-large tw-ta"" data-placeholder=""Tradução"" id=""tw-target-text"" aria-label=""Texto traduzido"" data-ved=""2ahUKEwiiyvyG4rqGAxW6qJUCHRllBtcQ3ewLegQIBRAU"" dir=""ltr""></pre>
<p data-mce-fragment=""1""><br><img style=""display: block; margin-left: auto; margin-right: auto;"" alt="""" src=""https://cdn.shopify.com/s/files/1/0560/0342/8506/products/apoio-barra-fixa-para-fazer-flexoes-antiderrapante_4_480x480.jpg?v=1643113342"" data-mce-fragment=""1"" data-mce-style=""display: block; margin-left: auto; margin-right: auto;"" data-mce-src=""https://cdn.shopify.com/s/files/1/0560/0342/8506/products/apoio-barra-fixa-para-fazer-flexoes-antiderrapante_4_480x480.jpg?v=1643113342""> <img style=""display: block; margin-left: auto; margin-right: auto;"" alt="""" src=""https://cdn.shopify.com/s/files/1/0560/0342/8506/products/apoio-barra-fixa-para-fazer-flexoes-antiderrapante_1_480x480.jpg?v=1643113342"" data-mce-fragment=""1"" data-mce-style=""display: block; margin-left: auto; margin-right: auto;"" data-mce-src=""https://cdn.shopify.com/s/files/1/0560/0342/8506/products/apoio-barra-fixa-para-fazer-flexoes-antiderrapante_1_480x480.jpg?v=1643113342""><img style=""display: block; margin-left: auto; margin-right: auto;"" alt="""" src=""https://cdn.shopify.com/s/files/1/0560/0342/8506/products/apoio-barra-fixa-para-fazer-flexoes-antiderrapante_5_480x480.jpg?v=1643113342"" data-mce-fragment=""1"" data-mce-style=""display: block; margin-left: auto; margin-right: auto;"" data-mce-src=""https://cdn.shopify.com/s/files/1/0560/0342/8506/products/apoio-barra-fixa-para-fazer-flexoes-antiderrapante_5_480x480.jpg?v=1643113342""><img style=""display: block; margin-left: auto; margin-right: auto;"" alt="""" src=""https://cdn.shopify.com/s/files/1/0560/0342/8506/products/apoio-barra-fixa-para-fazer-flexoes-antiderrapante_2_480x480.jpg?v=1643113342"" data-mce-fragment=""1"" data-mce-style=""display: block; margin-left: auto; margin-right: auto;"" data-mce-src=""https://cdn.shopify.com/s/files/1/0560/0342/8506/products/apoio-barra-fixa-para-fazer-flexoes-antiderrapante_2_480x480.jpg?v=1643113342""><img style=""display: block; margin-left: auto; margin-right: auto;"" alt="""" src=""https://cdn.shopify.com/s/files/1/0560/0342/8506/products/apoio-barra-fixa-para-fazer-flexoes-antiderrapante_13_480x480.jpg?v=1643113342"" data-mce-fragment=""1"" data-mce-style=""display: block; margin-left: auto; margin-right: auto;"" data-mce-src=""https://cdn.shopify.com/s/files/1/0560/0342/8506/products/apoio-barra-fixa-para-fazer-flexoes-antiderrapante_13_480x480.jpg?v=1643113342""><img style=""display: block; margin-left: auto; margin-right: auto;"" alt="""" src=""https://cdn.shopify.com/s/files/1/0560/0342/8506/products/apoio-barra-fixa-para-fazer-flexoes-antiderrapante_11_480x480.jpg?v=1643113342"" data-mce-fragment=""1"" data-mce-style=""display: block; margin-left: auto; margin-right: auto;"" data-mce-src=""https://cdn.shopify.com/s/files/1/0560/0342/8506/products/apoio-barra-fixa-para-fazer-flexoes-antiderrapante_11_480x480.jpg?v=1643113342""></p>
<div data-mce-fragment=""1""><br></div>
<div style=""text-align: center;"" data-mce-fragment=""1"" data-mce-style=""text-align: center;""><br></div>",DSERS,Sem categoria,genéricos,"fitness, mais-vendidos",TRUE,Color,Negro e Azul,,,,,,0.0,shopify,0,continue,manual,125386.2,169666.2,TRUE,FALSE,,https://cdn.shopify.com/s/files/1/0640/7225/3577/files/apoio-barra-fixa-para-fazer-flexoes-antiderrapante_4_480x480_6fadf9a8-5c2c-4be5-b1be-f904b70021a4.jpg?v=1717510518,1,,FALSE,,,,,,,,,,,,,,https://cdn.shopify.com/s/files/1/0640/7225/3577/files/apoio-barra-fixa-para-fazer-flexoes-antiderrapante_11_480x480_822adec5-b9f0-45dd-8d88-df42964e353f.jpg?v=1717510518,kg,,,TRUE,,,TRUE,,,active
36-pcs-set-baby-game-playing-mats-alphabet-numerals-baby-kids-play-mat-children-soft-floor-crawling-rugs-mini-eva-foam-mat,Alfombra EVA con letras,"<h1 style=""text-align: center;""><span style=""color: rgb(255, 42, 0);"">Alfombra EVA con letras</span></h1>
<div>
<p data-pm-slice=""1 1 []"" style=""text-align: center;"">Es difícil desarrollar la motricidad gruesa y la coordinación mano a mano de un niño. Sus intereses están dispersos, como jugar videojuegos o usar tabletas, mientras que los juguetes educativos tradicionales no despiertan su interés. ¡La estera EVA con letras es la solución ideal para fomentar la coordinación ojo-mano y el desarrollo de las habilidades motoras de tu hijo! </p>
</div>
<div><br></div>
<div><img alt=""Kit 26 Placas Tatame Tapete Infantil Eva 29x29 Bebe Colorido ALFABETO LETRAS  0,7 CM ESPESSURATapete"" src=""https://m.media-amazon.com/images/I/41PdzO901IS._AC_SX425_.jpg"" style=""display: block; margin-left: auto; margin-right: auto;""></div>
<div style=""text-align: center;"">Fabricada con un material resistente y lavable, esta alfombra está llena de elementos divertidos que captan la atención de los más pequeños: números coloridos, letras y varias piezas de rompecabezas. Además, se puede plegar fácilmente para guardarlo cuando no esté en uso. Este producto es perfecto para brindar diversión a los niños mientras aprenden nuevas habilidades importantes.</div>
<div><img src=""https://cf.shopee.com.br/file/eed843aa088be60f61cdf1273c3718ea"" alt=""Mini 36 Pçs Tapete De Eva Com Letras Do Alfabeto Para Crianças / Brinquedo  Educativo | Shopee Brasil"" width=""473"" height=""473"" style=""display: block; margin-left: auto; margin-right: auto;"" data-mce-fragment=""1"" data-mce-src=""https://cf.shopee.com.br/file/eed843aa088be60f61cdf1273c3718ea""></div>
<div><br></div>
<div style=""text-align: center;"">El tapete estimula la coordinación entre sus manitas, además de mejorar su conocimiento de las formas geométricas y el reconocimiento de letras, ¡todo en un solo producto!</div>
<div>
<span></span><br>
</div>
<div>
<span></span><br>
</div>
<div style=""text-align: center;""><br></div>",DSERS,Sem categoria,genéricos,"kids, mas-vendidos",TRUE,Title,Default Title,,,,,<none>,0.0,shopify,0,continue,manual,81172.62,125452.62,TRUE,FALSE,,https://cdn.shopify.com/s/files/1/0640/7225/3577/files/Sb480e9e8f1d9455a99b56c48109d03cb7.jpg?v=1717510514,1,,FALSE,,,,,,,,,,,,,,https://cdn.shopify.com/s/files/1/0640/7225/3577/files/Sb480e9e8f1d9455a99b56c48109d03cb7.jpg?v=1717510514,kg,,,TRUE,,,TRUE,,,active
1pc-baby-soft-silicone-training-toothbrush-baby-children-dental-oral-care-tooth-brush-tool-baby-kid-tooth-brush-infant-items,Cepillo de dientes para niños - en forma de U,"<h1 style=""text-align: center;""><span style=""color: rgb(255, 0, 255);"">Cepillo de dientes para niños - en forma de U</span></h1>
<p><br></p>
<p style=""text-align: center;"">Extremadamente importante, especialmente para los niños. Sin embargo, muchos padres tienen dificultades para cepillar eficazmente los dientes de sus hijos. Esto puede provocar acumulación de placa y caries. Afortunadamente, existen productos en el mercado que pueden ayudar a facilitar esta tarea.<br><img src=""https://ae01.alicdn.com/kf/H0bad29063fdb408fbaeea487290698f3U.jpg"" width=""500"" height=""500"" style=""display: block; margin-left: auto; margin-right: auto;""></p>
<p data-pm-slice=""1 1 []"" style=""text-align: center;"">El cepillo de dientes para niños, en forma de U, es un cepillo de goma suave en forma de U que proporciona una limpieza dental inteligente. Es más seguro que los cepillos de dientes convencionales ya que tiene un mango redondo y cómodo que puedes girar y girar para cepillarte los dientes con un solo giro. Además, es súper suave y adecuado para dientes sensibles.<br><img src=""https://ae01.alicdn.com/kf/Hbc9a4857f20f4fefa2e904e9ff0d4a996.jpg"" width=""500"" height=""500"" style=""display: block; margin-left: auto; margin-right: auto;""></p>
<p data-pm-slice=""1 1 []""> <br><br></p>",DSERS,Sem categoria,genéricos,"kids, mas-vendidos",TRUE,Color,Rosa,,,,,14:173#Pink Dinosaur,0.0,shopify,0,continue,manual,125386.2,169666.2,TRUE,FALSE,,https://cdn.shopify.com/s/files/1/0640/7225/3577/files/Hb7200798b4754f92b0ff11541fdc6d2eu.jpg?v=1717510512,1,,FALSE,,,,,,,,,,,,,,https://cdn.shopify.com/s/files/1/0640/7225/3577/files/Ha285ac7788dd4574bc9b27fca97e130bG.jpg?v=1717510512,kg,,,TRUE,,,TRUE,,,active
newborn-baby-diy-hand-and-footprint-kit-ink-pads-photo-frame-handprint-toddlers-souvenir-accessories-safe-clean-baby-shower-gift,HandPrint Baby - Guarda los momentos,"<h1 style=""text-align: center;"" class=""product-meta__title heading h1"" data-mce-style=""text-align: center;"" data-mce-fragment=""1""><span style=""color: rgb(255, 42, 0);"">HandPrint Baby - Guarda los momentos</span></h1>
<header class=""editor-header""><br></header>
<div class=""editor-wrapper focus"">
<div aria-expanded=""false"">
<div translate=""no"" class=""ProseMirror"" contenteditable=""false"">
<p style=""text-align: center;"">¿Quieres inmortalizar los momentos más preciados con tu bebé o mascota pero te quedas sin ideas? ¿Te gustaría seguir el crecimiento de tu pequeño amigo, pero no sabes por dónde empezar? HandPrint Baby - Save the Moments está diseñado para hacer precisamente eso.</p>
</div>
</div>
</div>
<p><img style=""display: block; margin-left: auto; margin-right: auto;"" height=""554"" width=""554"" src=""https://cdn.shopify.com/s/files/1/0582/9217/4892/products/Designsemnome_90_1abe16ad-e61f-4cbf-b0e8-10eeebb4dedd_800x.jpg?v=1673374012"" alt=""HandPrint Baby - Guarde os Momentos [ COMPRE 1 LEVE 2 ]"" data-mce-style=""display: block; margin-left: auto; margin-right: auto;"" data-mce-src=""https://cdn.shopify.com/s/files/1/0582/9217/4892/products/Designsemnome_90_1abe16ad-e61f-4cbf-b0e8-10eeebb4dedd_800x.jpg?v=1673374012""></p>
<p> </p>
<p> </p>
<p style=""text-align: center;"">Es un producto versátil y moderno que te permite estampar las manos o patas de tus bebés y mascotas, guardándolas como recuerdos preciosos para ti. Con HandPrint Baby podrás utilizar tus creaciones en marcos de fotos para decorar tu hogar, así como monitorear el crecimiento de estos miembros especiales de la familia. ¡Con HandPrint Baby tienes una solución sencilla e innovadora para recordar todos los momentos únicos que compartiste con tus seres queridos! ¡El producto es fácil de usar, tiene material resistente al agua, lo que le permite conservar impresiones coloridas durante años! Además, se pueden publicar fácilmente en Internet para compartir los mejores recuerdos con todos los que te aman.</p>
<p> </p>
<p style=""text-align: center;""><br></p>",DSERS,Sem categoria,genéricos,"kids, mas-vendidos",TRUE,Color,verde,,,,,14:200025551#Green Ink Pad,0.0,shopify,0,continue,manual,47896.2,,TRUE,FALSE,,https://cdn.shopify.com/s/files/1/0640/7225/3577/files/Sf868ee5bb2a948ca83cf390c052e1eee7.jpg?v=1717510508,1,,FALSE,,,,,,,,,,,,,,https://cdn.shopify.com/s/files/1/0640/7225/3577/files/S3066d3757fd341549cd9f4fefe63a3a2m.jpg?v=1717510508,kg,,,TRUE,,,TRUE,,,active
pet-dog-toy-interactive-rubber-balls-for-small-large-dogs-puppy-cat-chewing-toys-pet-tooth-cleaning-indestructible-dog-food-ball,Pelota interactiva - porta snacks,"<h1 style=""text-align: center;"" data-mce-fragment=""1""><span style=""color: rgb(128, 255, 0);""> Pelota interactiva - porta snacks</span></h1>
<div style=""text-align: center;"" data-mce-fragment=""1"">
<span data-mce-fragment=""1""></span><br>
</div>
<h3 data-pm-slice=""1 1 []"" style=""text-align: center;"" data-mce-fragment=""1"">
<span style=""color: rgb(128, 128, 128);"">¿Estás cansado de tener que preocuparte por el entretenimiento y la salud de tu mascota? ¿Tu mascota es muy inquieta, siempre busca algo para pasar el tiempo? ¡La bola interactiva - Porta bocadillos es exactamente lo que necesitas! Esta pelota interactiva ofrece una experiencia divertida y única para mantener entretenidas a tus mascotas. Está fabricado con materiales duraderos y extra resistentes, garantizando su calidad durante muchos años.</span><br><br data-mce-fragment=""1""><img alt="""" src=""https://cdn.shopify.com/s/files/1/0640/7225/3577/files/Sb95fb8b72e494aba87036014bdd07324z.webp?v=1717510504""><br>
</h3>
<div style=""text-align: center;"" data-mce-fragment=""1""> </div>
<h3 data-pm-slice=""1 1 []"" style=""text-align: center;"" data-mce-fragment=""1""><span style=""color: rgb(128, 128, 128);"">Puedes llenarlo con comida o snacks, manteniendo feliz a tu mascota durante horas. Además, también funciona bien como herramienta de entrenamiento: enséñele a su perro habilidades básicas mientras juega y comienza a aprender rápidamente. ¡Con la Pelota Interactiva - Porta Snacks, disfruta de la tranquilidad de saber que los cuidados necesarios de tu mejor amigo quedan satisfechos en un objeto prácticamente indestructible y totalmente divertido! Nada mejor que brindarle a ese fiel compañero diversión sana con una simple pelota.</span></h3>
<div style=""text-align: center;"" data-mce-fragment=""1""><br></div>
<div style=""text-align: center;"" data-mce-fragment=""1""> </div>
<div data-mce-fragment=""1""><br></div>",DSERS,Sem categoria,genéricos,"mas-vendidos, pets",TRUE,Color,verde,Tamanho,S-5cm,,,14:29#Green;5:100014066#S-5cm,0.0,shopify,0,continue,manual,154906.2,,TRUE,FALSE,,https://cdn.shopify.com/s/files/1/0640/7225/3577/files/S12a095cff7df4d779b74bfe681b7f8feF.webp?v=1717510504,1,,FALSE,,,,,,,,,,,,,,https://cdn.shopify.com/s/files/1/0640/7225/3577/files/Sb95fb8b72e494aba87036014bdd07324z.webp?v=1717510504,kg,,,TRUE,,,TRUE,,,active
pet-automatic-feeder-cat-drinking-bowl-cat-bowl-large-capacity-dog-bowl-3-8l-combined-grain-storage-bucket-pet-supplies,Comedero automático para perros,"<div><br></div>
<div><br></div>
<div><br></div>
<div>
<h1 data-pm-slice=""1 1 []"" style=""text-align: center;"" data-mce-style=""text-align: center;""><span style=""color: rgb(255, 128, 0);"" data-mce-style=""color: rgb(255, 128, 0);"">Comedero automático para perros</span></h1>
<p data-pm-slice=""1 1 []""> </p>
<h3 style=""text-align: center;"" dir=""ltr"" data-ved=""2ahUKEwiiyvyG4rqGAxW6qJUCHRllBtcQ3ewLegQIBRAU"" aria-label=""Texto traduzido"" id=""tw-target-text"" data-placeholder=""Tradução"" class=""tw-data-text tw-text-large tw-ta""><span style=""color: rgb(128, 128, 128);"" lang=""es"" class=""Y2IQFc"">Muchos dueños de mascotas tienen dificultades para realizar un seguimiento de todas las comidas de sus mascotas, especialmente cuando necesitan salir por largos períodos de tiempo. Dejar comida disponible para el animal puede no ser una opción viable ya que existe el riesgo de que la comida se contamine y dañe la salud de la mascota. ¡El comedero automático para perros es ideal para esta situación! Cuenta con un sistema especialmente desarrollado para mantener los alimentos siempre frescos y limpios, libres de contaminación.</span></h3>
<p data-pm-slice=""1 1 []""><br><img style=""display: block; margin-left: auto; margin-right: auto;"" height=""445"" width=""445"" src=""https://http2.mlstatic.com/D_NQ_NP_2X_844430-CBT51883102625_102022-F.webp"" data-mce-style=""display: block; margin-left: auto; margin-right: auto;"" data-mce-src=""https://http2.mlstatic.com/D_NQ_NP_2X_844430-CBT51883102625_102022-F.webp""></p>
</div>
<div>
<h3 style=""text-align: center;"" dir=""ltr"" data-ved=""2ahUKEwiiyvyG4rqGAxW6qJUCHRllBtcQ3ewLegQIBRAU"" aria-label=""Texto traduzido"" id=""tw-target-text"" data-placeholder=""Tradução"" class=""tw-data-text tw-text-large tw-ta""><span style=""color: rgb(128, 128, 128);"" lang=""es"" class=""Y2IQFc"">¡El producto tiene un diseño moderno con detalles en colores vibrantes que combinan fácilmente con los muebles de tu hogar! Además, no requiere pilas ni cables eléctricos, haciendo su uso sumamente sencillo y práctico. Si buscas una solución práctica y fiable para garantizar que tu mascota esté bien alimentada incluso durante tu ausencia, ¡el comedero automático es ideal! Con él podrás asegurarte de que tu mascota reciba agua fresca y críe diariamente mientras tú no estás, manteniendo así protegida su salud sin comprometer tus obligaciones diarias.</span></h3>
</div>
<div><img data-mce-fragment=""1"" style=""display: block; margin-left: auto; margin-right: auto;"" height=""535"" width=""535"" src=""https://http2.mlstatic.com/D_NQ_NP_2X_626104-CBT51883102621_102022-F.webp"" data-mce-src=""https://http2.mlstatic.com/D_NQ_NP_2X_626104-CBT51883102621_102022-F.webp"" data-mce-style=""display: block; margin-left: auto; margin-right: auto;""></div>
<div><br></div>
<div><br></div>",DSERS,Sem categoria,genéricos,"mas-vendidos, pets",TRUE,Color,1,,,,,14:29#blue;5:100014066#drinking fountain,0.0,shopify,0,continue,manual,81172.62,,TRUE,FALSE,,https://cdn.shopify.com/s/files/1/0640/7225/3577/files/Safc50542084d4ca5b269b3d5a5e4d59eD.jpg?v=1717510501,1,,FALSE,,,,,,,,,,,,,,https://cdn.shopify.com/s/files/1/0640/7225/3577/files/Safc50542084d4ca5b269b3d5a5e4d59eD.jpg?v=1717510501,kg,,,TRUE,,,TRUE,,,active
organize-box-kitchen-sundry-storage-case-desktop-organizer-with-wheels-refrigerator-seasoning-bottle-vegetable-storage-container,Caja organizadora,"<h1 style=""text-align: center;"" class=""product-meta__title heading h1"" data-mce-style=""text-align: center;""><span style=""color: rgb(255, 0, 255);"">Caja organizadora</span></h1>
<p style=""text-align: center;""> La cesta de almacenamiento es ideal para organizar la cocina. Tiene ruedas que facilitan su transporte y un organizador de escritorio frigorífico que ayuda a ahorrar espacio. Está fabricado en material resistente y fácil de limpiar.</p>
<p style=""text-align: center;""><img height=""500"" width=""500"" src=""https://cdn.shopify.com/s/files/1/0667/3462/0911/products/S11beb2867fb44de587109fbc6d165cf0f_600x.jpg?v=1668387306""></p>
<p style=""text-align: center;""><br></p>
<h3><strong>Especificaciones:</strong></h3>
<p>USO: VARIOS<br>TÉCNICAS: RÁPIDO BRILLANTE<br>ESTILO MODERNO<br>ESPECIFICACIÓN: ANCHO 27X20X12CM ESTRECHO 31.5X12X14.5CM<br>FORMA: RECTÁNGULO<br>PRODUCTO: ESCRITORIO CON CAJA DE ALMACENAMIENTO CON RUEDAS</p>",DSERS,Sem categoria,genéricos,"casa, mas-vendidos",TRUE,Color,Blanco,,,,,14:193#1,0.0,shopify,0,continue,manual,169732.62,,TRUE,FALSE,,https://cdn.shopify.com/s/files/1/0640/7225/3577/files/S8506982692494b34a34589ada1ecef858.jpg?v=1717510499,1,,FALSE,,,,,,,,,,,,,,https://cdn.shopify.com/s/files/1/0640/7225/3577/files/Sb8a006bc3d814eb384346aa52d20c50cP.jpg?v=1717510499,kg,,,TRUE,,,TRUE,,,active
shijuekongjian-green-plant-wall-stickers-decor-diy-potted-culture-mural-decals-for-living-room-bedroom-kitchen-home-decoration,Etiqueta de la pared,"<h1 class=""product_title entry-title heading-title"" style=""text-align: center;"" data-mce-fragment=""1"" data-mce-style=""text-align: center;""><span style=""color: rgb(250, 135, 17);"" data-mce-style=""color: rgb(250, 135, 17);"">Etiqueta de la pared</span></h1>
<p style=""text-align: center;"" data-pm-slice=""1 1 []"" data-mce-style=""text-align: center;""><span>¿Estás cansado de la decoración de tu casa? ¿Has intentado darle una nueva apariencia a tus habitaciones sin hacer grandes reformas? ¡Si es así, el papel tapiz - follajes es la opción perfecta para ti! Este producto viene con diversos diseños florales y de follajes que pueden cambiar completamente el ambiente. Además, es fácil de colocar y no requiere mucho trabajo. Con nuestro papel tapiz - follajes tendrás en tus manos un increíble material decorativo que te brindará innumerables posibilidades a la hora de elegir el diseño ideal para tu hogar.</span></p>
<p style=""text-align: center;"" data-pm-slice=""1 1 []"" data-mce-style=""text-align: center;""><img src=""https://cdn.shopify.com/s/files/1/0682/9198/5717/files/S88c0f05424e34ba1af7513a3e43d1f95v_480x480.jpg?v=1675101076"" alt="""" style=""display: block; margin-left: auto; margin-right: auto;"" data-mce-src=""https://cdn.shopify.com/s/files/1/0682/9198/5717/files/S88c0f05424e34ba1af7513a3e43d1f95v_480x480.jpg?v=1675101076"" data-mce-fragment=""1"" data-mce-style=""display: block; margin-left: auto; margin-right: auto;""><span>La calidad de nuestro producto garantizará un acabado perfecto en las paredes, además de resistencia a la humedad y la luz solar directa.</span><br><span>¡Cambiar la decoración de tus habitaciones nunca ha sido tan fácil como ahora con esta excelente opción de papel tapiz - follajes! El proceso de instalación es simple y rápido, permitiéndote cambiar la apariencia visual de tus rincones favoritos en cuestión de minutos, sin tener que gastar tiempo y dinero en grandes reformas.</span><br></p>
<h2 class=""tw-data-text tw-text-large tw-ta"" data-placeholder=""Tradução"" id=""tw-target-text"" aria-label=""Texto traduzido"" data-ved=""2ahUKEwiiyvyG4rqGAxW6qJUCHRllBtcQ3ewLegQIBRAU"" dir=""ltr""><span class=""Y2IQFc"" lang=""es"" style=""color: rgb(255, 128, 0);"">El paquete incluye:</span></h2>
<div class=""tw-ta-container F0azHf tw-nfl"" id=""tw-target-text-container"" tabindex=""0"">
<h5 class=""tw-data-text tw-text-large tw-ta"" data-placeholder=""Tradução"" id=""tw-target-text"" aria-label=""Texto traduzido"" data-ved=""2ahUKEwiiyvyG4rqGAxW6qJUCHRllBtcQ3ewLegQIBRAU"" dir=""ltr""><span class=""Y2IQFc"" lang=""es"">1 pegatina de pared</span></h5>
</div>
<div class=""tw-target-rmn tw-ta-container F0azHf tw-nfl"" id=""tw-target-rmn-container"">
<pre class=""tw-data-placeholder tw-text-small tw-ta"" data-placeholder="""" id=""tw-target-rmn"" dir=""ltr""><span class=""Y2IQFc""></span></pre>
</div>
<div class=""iYB33c"" jsname=""fek9E"">
<div class=""dlJLJe"">
<div data-cviv=""false"" data-ved=""2ahUKEwiiyvyG4rqGAxW6qJUCHRllBtcQz_AEegQIBRAV"" jscontroller=""RXaBU"" jsaction=""R4nmZb:npT2md;C1RXse:PoUyQd"">
<div class=""U9URNb""><br></div>
</div>
</div>
</div>
<p style=""text-align: center;"" data-mce-style=""text-align: center;""><br></p>",DSERS,Sem categoria,genéricos,"casa, mas-vendidos",TRUE,Estilo,plantas de piso,,,,,14:175#potted sticker1,0.0,shopify,0,continue,manual,81106.2,125386.2,TRUE,FALSE,,https://cdn.shopify.com/s/files/1/0640/7225/3577/files/S88c0f05424e34ba1af7513a3e43d1f95v.jpg?v=1717510495,1,,FALSE,,,,,,,,,,,,,,https://cdn.shopify.com/s/files/1/0640/7225/3577/files/S00874fc2ac8d44d0a6de1b671c8ca0812.jpg?v=1717510495,kg,,,TRUE,,,TRUE,,,active
barra-shapefit,Barra ShapeFit,"<h1 style=""text-align: center;"" data-mce-style=""text-align: center;"" data-mce-fragment=""1""><span style=""color: rgb(64, 64, 64);"" data-mce-style=""color: rgb(64, 64, 64);"">Barra ShapeFit</span></h1>
<div style=""text-align: center;"" data-mce-style=""text-align: center;"" data-mce-fragment=""1"">
<h3 style=""text-align: center;"" dir=""ltr"" data-ved=""2ahUKEwiiyvyG4rqGAxW6qJUCHRllBtcQ3ewLegQIBRAU"" aria-label=""Texto traduzido"" id=""tw-target-text"" data-placeholder=""Tradução"" class=""tw-data-text tw-text-large tw-ta"" data-mce-style=""text-align: center;""><span style=""color: rgb(128, 128, 128);"" lang=""es"" class=""Y2IQFc"" data-mce-style=""color: rgb(128, 128, 128);"">¡Haz ejercicio y sé más saludable dondequiera que estés! ¡Nuestra barra Shapefit moldeará tu cuerpo y tu mente para que puedas lograr un alto rendimiento en tu hogar! ¡sin desplazamientos ni cuotas mensuales! Diseño compacto con 2 piezas que se unen para formar la barra y se separan para llevarla donde quieras y guardarla fácilmente.</span></h3>
</div>
<div style=""text-align: center;"" data-mce-style=""text-align: center;"" data-mce-fragment=""1"">
<span data-mce-fragment=""1""></span><br>
</div>
<div id=""tw-target-text-container"" class=""tw-ta-container F0azHf tw-nfl"" tabindex=""0"" data-mce-tabindex=""0"">
<h4 dir=""ltr"" data-ved=""2ahUKEwiiyvyG4rqGAxW6qJUCHRllBtcQ3ewLegQIBRAU"" aria-label=""Texto traduzido"" id=""tw-target-text"" data-placeholder=""Tradução"" class=""tw-data-text tw-text-large tw-ta""><span lang=""es"" class=""Y2IQFc"">Beneficios de hacer ejercicio con la barra ShapeFit:</span></h4>
</div>
<div id=""tw-target-rmn-container"" class=""tw-target-rmn tw-ta-container F0azHf tw-nfl"">
<pre dir=""ltr"" id=""tw-target-rmn"" data-placeholder="""" class=""tw-data-placeholder tw-text-small tw-ta""><span class=""Y2IQFc""></span></pre>
</div>
<ul>
<li dir=""ltr"" data-ved=""2ahUKEwiiyvyG4rqGAxW6qJUCHRllBtcQ3ewLegQIBRAU"" aria-label=""Texto traduzido"" id=""tw-target-text"" data-placeholder=""Tradução"" class=""tw-data-text tw-text-large tw-ta"" style=""text-align: left;"" data-mce-style=""text-align: left;""><span lang=""es"" class=""Y2IQFc"">Mejora del acondicionamiento, equilibrio y coordinación. </span></li>
<li dir=""ltr"" data-ved=""2ahUKEwiiyvyG4rqGAxW6qJUCHRllBtcQ3ewLegQIBRAU"" aria-label=""Texto traduzido"" data-placeholder=""Tradução"" class=""tw-data-text tw-text-large tw-ta"" style=""text-align: left;"" data-mce-style=""text-align: left;""><span lang=""es"" class=""Y2IQFc"">Tonifica, define y adelgaza. * Trabajo muscular intenso y diverso.</span></li>
<li dir=""ltr"" data-ved=""2ahUKEwiiyvyG4rqGAxW6qJUCHRllBtcQ3ewLegQIBRAU"" aria-label=""Texto traduzido"" data-placeholder=""Tradução"" class=""tw-data-text tw-text-large tw-ta"" style=""text-align: left;"" data-mce-style=""text-align: left;""><span lang=""es"" class=""Y2IQFc"">Trabaja todos los grupos musculares.</span></li>
<li dir=""ltr"" data-ved=""2ahUKEwiiyvyG4rqGAxW6qJUCHRllBtcQ3ewLegQIBRAU"" aria-label=""Texto traduzido"" data-placeholder=""Tradução"" class=""tw-data-text tw-text-large tw-ta"" style=""text-align: left;"" data-mce-style=""text-align: left;""><span lang=""es"" class=""Y2IQFc"">Eficiente, ligero y práctico. </span></li>
<li dir=""ltr"" data-ved=""2ahUKEwiiyvyG4rqGAxW6qJUCHRllBtcQ3ewLegQIBRAU"" aria-label=""Texto traduzido"" data-placeholder=""Tradução"" class=""tw-data-text tw-text-large tw-ta"" style=""text-align: left;"" data-mce-style=""text-align: left;""><span lang=""es"" class=""Y2IQFc"">Ejercicios más completos para el cuerpo: sentadillas, abdominales, brazos, espalda, piernas, ¡y mucho más! Además, los ejercicios ayudan a prevenir y combatir dolores de espalda, hombros, cuello, etc.</span></li>
</ul>
<p data-mce-fragment=""1""> </p>
<p data-mce-fragment=""1""><span data-mce-fragment=""1""><img height=""429"" width=""429"" src=""https://ae01.alicdn.com/kf/Hb786ad700ff1410c80fb1ba1d8b9e517M.jpg?width=800&amp;height=800&amp;hash=1600"" style=""display: block; margin-left: auto; margin-right: auto;"" data-mce-style=""display: block; margin-left: auto; margin-right: auto;"" data-mce-src=""https://ae01.alicdn.com/kf/Hb786ad700ff1410c80fb1ba1d8b9e517M.jpg?width=800&amp;height=800&amp;hash=1600"" data-mce-fragment=""1""></span></p>
<p style=""text-align: center;"" data-mce-style=""text-align: center;"" data-mce-fragment=""1""><span data-mce-fragment=""1"">Perfeito para iniciantes e ainda melhor para mais avançados!</span></p>
<p data-mce-fragment=""1""> <img height=""460"" width=""460"" src=""https://ae01.alicdn.com/kf/H693fdecefaef44daa17f560627cb1069o.jpg?width=800&amp;height=800&amp;hash=1600"" style=""display: block; margin-left: auto; margin-right: auto;"" data-mce-style=""display: block; margin-left: auto; margin-right: auto;"" data-mce-src=""https://ae01.alicdn.com/kf/H693fdecefaef44daa17f560627cb1069o.jpg?width=800&amp;height=800&amp;hash=1600"" data-mce-fragment=""1""><br data-mce-fragment=""1""></p>
<div class=""tw-ta-container F0azHf tw-nfl"" id=""tw-target-text-container"" tabindex=""0"">
<h3 class=""tw-data-text tw-text-large tw-ta"" data-placeholder=""Tradução"" id=""tw-target-text"" aria-label=""Texto traduzido"" data-ved=""2ahUKEwiiyvyG4rqGAxW6qJUCHRllBtcQ3ewLegQIBRAU"" dir=""ltr""><span class=""Y2IQFc"" lang=""es"">Especificaciones:</span></h3>
</div>
<div class=""tw-target-rmn tw-ta-container F0azHf tw-nfl"" id=""tw-target-rmn-container"">
<pre class=""tw-data-placeholder tw-text-small tw-ta"" data-placeholder="""" id=""tw-target-rmn"" dir=""ltr""><span class=""Y2IQFc""></span></pre>
</div>
<p data-mce-fragment=""1"">Contiene: Stick con Tubo Elástico<br>Tamaño ensamblado: 91 cm<br>Material: caucho y espuma</p>
<p style=""text-align: center;"" data-mce-style=""text-align: center;"" data-mce-fragment=""1""><br></p>",DSERS,Sem categoria,genéricos,"fitness, mas-vendidos",TRUE,Title,Default Title,,,,,,0.0,shopify,0,continue,manual,73792.62,,TRUE,FALSE,,https://cdn.shopify.com/s/files/1/0640/7225/3577/files/0_Pilates-exerc-cio-vara-faixas-da-resist-ncia-da-aptid-o-corda-extrator-casa-yoga-gin_500x_f62cb2e3-9f3c-4d5b-bfe7-7967bf5e041d.jpg?v=1717510491,1,,FALSE,,,,,,,,,,,,,,,kg,,,TRUE,,,TRUE,,,active
cotton-waist-maternity-pillow-for-pregnant-women-pregnancy-pillow-u-full-body-pillows-to-sleep-pregnancy-cushion-pad-products,Almohada de maternidad,"<h1 style=""text-align: center;"" data-mce-style=""text-align: center;""><span style=""color: rgb(43, 0, 255);"">Almohada de maternidad</span></h1>
<h3 class=""tw-data-text tw-text-large tw-ta"" data-placeholder=""Tradução"" id=""tw-target-text"" aria-label=""Texto traduzido"" data-ved=""2ahUKEwiiyvyG4rqGAxW6qJUCHRllBtcQ3ewLegQIBRAU"" dir=""ltr"" style=""text-align: center;""><span class=""Y2IQFc"" lang=""es"" style=""color: rgb(128, 128, 128);"">La almohada de maternidad es súper suave, está hecha de algodón y ofrece un soporte ideal para el vientre de la mujer embarazada. El sistema de ajuste permite que se ajuste perfectamente alrededor de las caderas y la columna, reduciendo la presión y las molestias en la espalda.</span></h3>
<p data-pm-slice=""1 1 []"" style=""text-align: center;""> </p>
<p><img src=""https://cdn.shopify.com/s/files/1/0587/2461/4321/files/H51123b2c7e5f49ea935b167b86e01076Z_480x480.jpg?v=1666130216"" style=""display: block; margin-left: auto; margin-right: auto;""><br></p>
<h3 class=""tw-data-text tw-text-large tw-ta"" data-placeholder=""Tradução"" id=""tw-target-text"" aria-label=""Texto traduzido"" data-ved=""2ahUKEwiiyvyG4rqGAxW6qJUCHRllBtcQ3ewLegQIBRAU"" dir=""ltr"" style=""text-align: center;""><span class=""Y2IQFc"" lang=""es"" style=""color: rgb(128, 128, 128);"">La almohada de maternidad es súper suave, está hecha de algodón y ofrece un soporte ideal para el vientre de la mujer embarazada. El sistema de ajuste permite que se ajuste perfectamente alrededor de las caderas y la columna, reduciendo la presión y las molestias en la espalda.</span></h3>
<p><img src=""https://cdn.shopify.com/s/files/1/0587/2461/4321/files/He268719bd1114e64922da65b4ff7fa60x_1_480x480.jpg?v=1666130426"" style=""display: block; margin-left: auto; margin-right: auto;""></p>
<p> </p>
<p><br></p>",DSERS,Sem categoria,genéricos,"kids, mas-vendidos",TRUE,Color,Azul - fondo marino,,,,,14:691#B Blue seafloor,0.0,shopify,0,continue,manual,103312.62,,TRUE,FALSE,,https://cdn.shopify.com/s/files/1/0640/7225/3577/files/H51123b2c7e5f49ea935b167b86e01076Z.jpg?v=1717510489,1,,FALSE,,,,,,,,,,,,,,https://cdn.shopify.com/s/files/1/0640/7225/3577/files/Hbf922f29743b4f4da22a6e2d67c2dfebA.jpg?v=1717510489,kg,,,TRUE,,,TRUE,,,active
smart-cat-toys-automatic-rolling-ball-electric-cat-toys-interactive-for-cats-training-self-moving-kitten-toys-pet-accessories,Pelota interactiva para gatos,"<h1 style=""text-align: center;""><span style=""color: rgb(128, 255, 0);"">Pelota interactiva para gatos</span></h1>
<div style=""text-align: center;"">
<span></span><br>
</div>
<div data-pm-slice=""1 1 []"" style=""text-align: center;"">Si tienes un gato en casa, sabes que la falta de actividad e interacción puede ser un problema. El aburrimiento frecuente puede provocar estrés y comportamientos destructivos para el animal. Si tu mascota necesita más diversión, ¡es hora de conocer la Pelota Interactiva para Gatos! Esta pelota inteligente es ideal para estimular las actividades de tu gatito. Funciona automáticamente cuando se activa con el toque del animal, emitiendo divertidos sonidos mientras rueda solo por el suelo. Los variados movimientos de la pelota mantendrán a tu mascota alerta y estimulada durante muchas horas, gastando su energía necesaria sin estresar al animal con juegos repetitivos. </div>
<div style=""text-align: center;""><img height=""414"" width=""420"" alt=""Bola eletrica para gatos"" src=""https://cdn.shopify.com/s/files/1/0624/6570/4142/products/S441f4696874b4b098dd19b5ab9b98794X_800x.jpg?v=1665079096"" data-mce-fragment=""1"" data-mce-src=""https://cdn.shopify.com/s/files/1/0624/6570/4142/products/S441f4696874b4b098dd19b5ab9b98794X_800x.jpg?v=1665079096""></div>
<div style=""text-align: center;"">Además, cuenta con LEDS de colores que se iluminan cada vez que se activa, ¡dándole a tu mascota una dosis extra de diversión! La pelota interactiva para gatos proporciona a tus hijos felinos una excelente manera de evitar el aburrimiento dentro de los límites de la casa. Estimula las actividades de tu gato con este innovador juguete: ¡diviértanse juntos y mantengan comportamientos saludables de una manera divertida!</div>
<div style=""text-align: center;""><img height=""712"" width=""534"" src=""https://cdn.shopify.com/s/files/1/0624/6570/4142/products/S0b5aa47170c8426ba1d8b167b803030ad.jpg?v=1665079084"" alt=""Bola eletrica para gatos""></div>
<div style=""text-align: center;""> </div>
<div><br></div>
<p> </p>
<p> </p>",DSERS,Sem categoria,genéricos,"mas-vendidos, pets",TRUE,Color,rosa,,,,,14:29#Pink,0.0,shopify,0,continue,manual,118006.2,,TRUE,FALSE,,https://cdn.shopify.com/s/files/1/0640/7225/3577/files/Sba910229db8f46bbb3851e01e40c46368.webp?v=1717510486,1,,FALSE,,,,,,,,,,,,,,https://cdn.shopify.com/s/files/1/0640/7225/3577/files/S063556775b1c4170bf2d57bdddb9de639.webp?v=1717510486,kg,,,TRUE,,,TRUE,,,active
carregador-sem-fio-energi-smart,Cargador inalámbrico - Energi Smart,"<div id=""shopify-section-product-template"" class=""shopify-section"" data-mce-fragment=""1"">
<article id=""product-7523965239532"" class=""product mb-9"" data-product-id=""7523965239532"" data-product-title=""Carregador sem fio - Energi Smart™"" data-product-url=""/products/energi-smart-carregador-sem-fio"" data-product-compare-price=""18900"" data-product-price=""18900"" data-product-price-varies=""true"" data-product-img-src=""//cdn.shopify.com/s/files/1/0617/3619/0188/products/5-main-15w-qi-rapido-carregador-sem-fio-suporte-para-iphone-11-12x8-apple-relogio-4-em-1-dobravel-estacao-doca-de-carregamento-para-airpods-pro-iwatch.png?v=1643139218"" data-product-img-alt=""Carregador sem fio - Energi Smart™"" data-mce-fragment=""1"">
<div class=""container"" data-mce-fragment=""1"">
<div class=""product-row row"" data-mce-fragment=""1"">
<div class=""col-lg-6"" data-mce-fragment=""1"">
<div id=""product-accordion-7523965239532"" class=""product-accordion accordion mb-5"" data-mce-fragment=""1"">
<div class=""card"" data-mce-fragment=""1"">
<div id=""product-accordion-7523965239532-collapse-1"" class=""collapse show"" aria-labelledby=""product-accordion-7523965239532-heading-1"" data-parent=""#product-accordion-7523965239532"" data-mce-fragment=""1"">
<div class=""card-body"" data-mce-fragment=""1"">
<div class=""rte"" data-mce-fragment=""1"">
<h1 style=""text-align: center;"" data-mce-fragment=""1"" data-mce-style=""text-align: center;""><span style=""color: rgb(43, 0, 255);"" data-mce-style=""color: rgb(43, 0, 255);"">Cargador inalámbrico - Energi Smart</span></h1>
<blockquote data-mce-fragment=""1"">
<p style=""text-align: center;"" data-mce-style=""text-align: center;"" data-mce-fragment=""1"">¡El cargador multifuncional que es un éxito absoluto en todo el mundo acaba de llegar  exclusivamente en nuestro sitio web!</p>
</blockquote>
<div data-mce-fragment=""1""><strong data-mce-fragment=""1""><span data-mce-fragment=""1""><img style=""display: block; margin-left: auto; margin-right: auto;"" class=""img-fluid"" height=""342"" width=""456"" src=""https://cdn.shopify.com/s/files/1/0607/6943/5875/files/ezgif.com-gif-maker_6615b57a-cb63-4a3e-bca3-a9d40236de4a_480x480.gif?v=1640295342"" data-mce-style=""display: block; margin-left: auto; margin-right: auto;"" data-mce-fragment=""1"" data-mce-src=""https://cdn.shopify.com/s/files/1/0607/6943/5875/files/ezgif.com-gif-maker_6615b57a-cb63-4a3e-bca3-a9d40236de4a_480x480.gif?v=1640295342""></span></strong></div>
<div style=""text-align: center;"" data-mce-style=""text-align: center;"" data-mce-fragment=""1"">Ahora ya no tendrás que preocuparte por tener un cargador para cada dispositivo electrónico, ¡haz como millones de personas en USA que han hecho su vida diaria más práctica y organizada con Energi Smart™!</div>
<div data-mce-fragment=""1"">
<br><strong data-mce-fragment=""1""></strong>
</div>
<div data-mce-fragment=""1"">
<strong data-mce-fragment=""1""></strong><br>
</div>
<div data-mce-fragment=""1"">
<strong data-mce-fragment=""1""></strong><br>
</div>
<div data-mce-fragment=""1""><strong data-mce-fragment=""1""><span data-mce-fragment=""1""><img style=""display: block; margin-left: auto; margin-right: auto;"" class=""img-fluid"" src=""https://cdn.shopify.com/s/files/1/0513/8618/7939/files/yapwengchee_gif_e1020774-1657-4876-ad88-17accc9d3076_480x480.gif?v=1609889171"" alt="""" data-mce-style=""display: block; margin-left: auto; margin-right: auto;"" data-mce-fragment=""1"" data-mce-src=""https://cdn.shopify.com/s/files/1/0513/8618/7939/files/yapwengchee_gif_e1020774-1657-4876-ad88-17accc9d3076_480x480.gif?v=1609889171""></span></strong></div>
<div data-mce-fragment=""1""><br></div>
<p>✔¡Carga hasta 4 dispositivos al mismo tiempo&amp;nbsp;en un solo lugar, ¡usando un solo enchufe!</p>
<p>✔Acaba con extensiones de enchufes, cables enredados y cargadores alternos para cargar cada dispositivo.</p>
<p>✔¡Duerme tranquilo y ten todos tus dispositivos 100% cargados a la vez listos para usar al día siguiente!</p>
<p data-mce-fragment=""1""><strong data-mce-fragment=""1""><img style=""display: block; margin-left: auto; margin-right: auto;"" class=""img-fluid"" alt="""" src=""https://cdn.shopify.com/s/files/1/0617/3619/0188/files/Inserir_um_titulo_1_480x480.png?v=1643136833"" data-mce-style=""display: block; margin-left: auto; margin-right: auto;"" data-mce-fragment=""1"" data-mce-src=""https://cdn.shopify.com/s/files/1/0617/3619/0188/files/Inserir_um_titulo_1_480x480.png?v=1643136833""></strong></p>
<p>✔Energi Smart™; es compacto, práctico y muy eficiente. ¡Tus dispositivos destacan con un toque de elegancia mientras se cargan!</p>
<p>✔¡Ahorra! ¡Evita comprar cables y cargadores para cada dispositivo cuando estén defectuosos!</p>
<p data-mce-fragment=""1""><strong data-mce-fragment=""1""><img class=""img-fluid"" src=""https://ae01.alicdn.com/kf/H04e19405cd8d4c39802a8e3242ade583p.jpg"" width=""428"" height=""428"" style=""display: block; margin-left: auto; margin-right: auto;"" data-mce-fragment=""1"" data-mce-style=""display: block; margin-left: auto; margin-right: auto;"" data-mce-src=""https://ae01.alicdn.com/kf/H04e19405cd8d4c39802a8e3242ade583p.jpg""></strong></p>
<p data-mce-fragment=""1""> </p>
<p data-mce-fragment=""1""><span data-mce-fragment=""1"">✔ Carga rápida por inducción habilitada con potencia de hasta 15 megavatios para celulares (use un conector turbo socket de 18 Watts o más, para que el dispositivo funcione correctamente como se describe en el manual. Si no tiene este conector, le recomendamos adquirir el opción con él incluido).</span></p>
<p data-mce-fragment=""1""><span data-mce-fragment=""1"">✔ 2,5 Megavatios dedicados para Apple Watch y 5,0 megavatios para auriculares.</span></p>
<p data-mce-fragment=""1""><span data-mce-fragment=""1""><strong data-mce-fragment=""1"">✔ </strong>Ángulo de inclinación ajustable para que puedas ver tus series y películas mientras deixa o seu celular carregando tranquilamente.</span></p>
<div style=""text-align: start;"" data-mce-fragment=""1"" data-mce-style=""text-align: start;"">✔ ¡Sin limitaciones! Los celulares se pueden cargar de manera horizontal o vertical, permitiéndote realizar llamadas, videollamadas, ver películas, series y realizar otras actividades con el teléfono mientras se carga.</div>
<div style=""text-align: start;"" data-mce-fragment=""1"" data-mce-style=""text-align: start;""><br data-mce-fragment=""1""></div>
<div style=""text-align: start;"" data-mce-fragment=""1"" data-mce-style=""text-align: start;""><br data-mce-fragment=""1""></div>
<div style=""text-align: start;"" data-mce-fragment=""1"" data-mce-style=""text-align: start;""><img class=""img-fluid"" height=""292"" width=""404"" src=""https://cdn.shopify.com/s/files/1/0274/1711/6808/files/2_6a32001e-0be2-4d04-844b-6bc03b981e88_480x480.jpg?v=1635838508"" style=""display: block; margin-left: auto; margin-right: auto;"" data-mce-fragment=""1"" data-mce-style=""display: block; margin-left: auto; margin-right: auto;"" data-mce-src=""https://cdn.shopify.com/s/files/1/0274/1711/6808/files/2_6a32001e-0be2-4d04-844b-6bc03b981e88_480x480.jpg?v=1635838508""></div>
<div style=""text-align: center;"" data-mce-fragment=""1"" data-mce-style=""text-align: center;""><br></div>
<div data-mce-fragment=""1"">【Compatibilidades】</div>
<div data-mce-fragment=""1""><span data-mce-fragment=""1"">iPhones: 8, 8Plus, X, XR, XS, XS MAX, SE, (11, 11 Pro, 11 Pro Max, 12, 12 Pro e 12 Pro Max, 13, 13 Pro e 13 Pro Max).</span></div>
<div data-mce-fragment=""1""><span data-mce-fragment=""1"">Apple Watch: Séries: 2, 3, 4, 5, 6, 7 e SE.</span></div>
<div data-mce-fragment=""1""><span data-mce-fragment=""1"">Airpods: 2, 3 e Pro.</span></div>
<div data-mce-fragment=""1""><br></div>
<div data-mce-fragment=""1"">
<strong data-mce-fragment=""1""><span data-mce-fragment=""1""></span></strong><br>
</div>
</div>
</div>
</div>
</div>
</div>
</div>
</div>
</div>
</article>
</div>
<div id=""shopify-section-product-sticky-atc"" class=""shopify-section"" data-mce-fragment=""1"">
<div style=""text-align: center;"" id=""product-sticky-atc-wrapper"" class=""toast-wrapper bottom-center"" data-mce-style=""text-align: center;"" data-mce-fragment=""1""><br></div>
</div>",DSERS,Sem categoria,genéricos,"electrónica, mas-vendidos",TRUE,Title,Default Title,,,,,,0.0,shopify,0,continue,manual,62656.2,,TRUE,FALSE,,https://cdn.shopify.com/s/files/1/0640/7225/3577/files/2-variant-15w-qi-rapido-carregador-sem-fio-suporte-para-iphone-11-12x8-apple-relogio-4-em-1-dobravel-estacao-doca-de-carregamento-para-airpods-pro-iwatch_2048x_da5bdc14-f463-4a9d-9e34.webp?v=1717510482,1,,FALSE,,,,,,,,,,,,,,,kg,,,TRUE,,,TRUE,,,active
watermelon-cutter-stainless-steel-windmill-design-cut-watermelon-kitchen-gadgets-salad-fruit-slicer-cutter-tool,Rebanadora de sandia,"<h1 data-mce-fragment=""1"" style=""text-align: center;"" data-mce-style=""text-align: center;""><span style=""color: #ff8000;"" data-mce-style=""color: #ff8000;"">Rebanadora de sandia  </span></h1>
<p data-pm-slice=""1 1 []"" style=""text-align: center;"" data-mce-style=""text-align: center;"">¿Te encanta la sandía? Si tu respuesta es sí, entonces sabes que es una tarea ardua y que requiere mucho tiempo cortar estas frutas gigantes en trozos más pequeños. Tu problema se acabó: ¡te presentamos el Cortador de Sandía! Con él podrás disfrutar de las delicias de esta fruta sin tener que lidiar con el complicado proceso de cortarla manualmente.<br><strong data-mce-fragment=""1""><img style=""display: block; margin-left: auto; margin-right: auto;"" src=""https://cdn.shopify.com/s/files/1/0586/2565/4961/files/Ha0ddf8eaa69d4fff97b3c48551e76a28N_480x480.jpg?v=1651277823"" alt=""Fatiador e Cortador de Melancia em Cubos - Watermelon Cutter"" data-mce-style=""display: block; margin-left: auto; margin-right: auto;"" data-mce-src=""https://cdn.shopify.com/s/files/1/0586/2565/4961/files/Ha0ddf8eaa69d4fff97b3c48551e76a28N_480x480.jpg?v=1651277823""></strong></p>
<p data-pm-slice=""1 1 []"" style=""text-align: center;"" data-mce-style=""text-align: center;"">El Watermelon Slicer está diseñado para ser seguro y extremadamente fácil de usar. Tiene un diseño ergonómico que permite un manejo seguro a la vez que te brinda total precisión al realizar cortes en cubos perfectos. Además, está fabricado con materiales resistentes a la corrosión y cuenta con un mango antideslizante para mayor comodidad en el uso del producto.</p>
<p data-mce-fragment=""1""><strong data-mce-fragment=""1""><img style=""display: block; margin-left: auto; margin-right: auto;"" src=""https://cdn.shopify.com/s/files/1/0089/2787/1061/files/giphy1.gif?v=1564519209"" data-mce-style=""display: block; margin-left: auto; margin-right: auto;"" data-mce-src=""https://cdn.shopify.com/s/files/1/0089/2787/1061/files/giphy1.gif?v=1564519209""></strong></p>
<p data-pm-slice=""1 1 []"" style=""text-align: center;"" data-mce-style=""text-align: center;"">Por eso, no importa cuáles sean tus necesidades culinarias, ya sean dulces o saladas, es fundamental contar con este utensilio indispensable para cualquier cocina: ¡El Rebanador de Sandía! Con él garantizarás los mejores resultados de forma rápida y sencilla; Además, se ahorra un tiempo precioso y esfuerzos innecesarios en la preparación de los alimentos.</p>
<p data-mce-fragment=""1""><br></p>
<p data-mce-fragment=""1""><span style=""color: rgb(255, 128, 0);"" data-mce-style=""color: rgb(255, 128, 0);""><strong>Especificaciones</strong></span><br></p>
<ul data-mce-fragment=""1"">
<li data-mce-fragment=""1"">Material: Acero inoxidable</li>
<li data-mce-fragment=""1"">Tamaño: 27 x 7,5 x 3 cm</li>
<li data-mce-fragment=""1"">Color: verde</li>
</ul>
<p data-mce-fragment=""1""><span style=""color: rgb(255, 128, 0);"" data-mce-style=""color: rgb(255, 128, 0);""><strong>Contiene</strong></span></p>
<ul data-mce-fragment=""1"">
<li data-mce-fragment=""1"">1 cortador y rebanador de sandía </li>
</ul>
<p> </p>
<p style=""text-align: center;"" data-mce-style=""text-align: center;""><br></p>",DSERS,Sem categoria,genéricos,"casa, mas-vendidos",TRUE,Title,Default Title,,,,,14:200006152#02 1pcs,0.0,shopify,0,continue,manual,25756.2,,TRUE,FALSE,,https://cdn.shopify.com/s/files/1/0640/7225/3577/files/H1c02ee34f8ae4c3dbe2fad378051f883C.jpg?v=1717510480,1,,FALSE,,,,,,,,,,,,,,https://cdn.shopify.com/s/files/1/0640/7225/3577/files/H42cc0b8c579845dbb479b65abf5b60d0R.jpg?v=1717510480,kg,,,TRUE,,,TRUE,,,active
walfos-mandoline-peeler-grater-vegetables-cutter-tools-with-5-blade-carrot-grater-onion-vegetable-slicer-kitchen-accessories,Cortador de verduras multifuncional,"<h1><br></h1>
<h1 style=""text-align: center;""><span style=""color: rgb(255, 0, 255);"">Cortador de verduras multifuncional</span></h1>
<p style=""text-align: center;"">El cortador de verduras multifuncional es la solución perfecta para quienes buscan practicidad en la cocina. Con cinco cuchillas diferentes, te permite cortar alimentos en diferentes formas sin esfuerzo. Además, el diseño ergonómico garantiza una mayor comodidad y seguridad en su uso. ¡Trae mucha diversión a tu cocina con esta increíble rebanadora!</p>
<p><span style=""color: #ff00ff;""><img src=""https://thumbor.cartpanda.com/HVmGDbbwDjaN1xGQfkuUtvkjDjM=/2048x0/https://assets.mycartpanda.com/static/products_images/19/1f/dd/1658256814.jpg?v=13252247658"" width=""609"" height=""609"" style=""display: block; margin-left: auto; margin-right: auto;""></span></p>
<p> </p>
<p><span style=""color: #ff00ff;""><img src=""https://thumbor.cartpanda.com/eF3VJaODNpBmP8FhcoRAc72dJy8=/2048x0/https://assets.mycartpanda.com/static/products_images/45/ad/af/1658256817.jpg?v=13252247658"" width=""432"" height=""432"" style=""display: block; margin-left: auto; margin-right: auto;""></span></p>
<p><strong>Especificaciones:</strong></p>
<p>Material: acero inoxidable + ABS</p>
<p>Tamaños: 10,8x27,5cm</p>
<p> </p>
<p><br><strong>El paquete incluye: </strong>1 cortador de verduras + 5 cuchillas + protector de manos</p>
<p> </p>
<p><span style=""color: #000000;""><br></span></p>
<h2 dir=""ltr"">
<span></span><br>
</h2>",DSERS,Sem categoria,genéricos,"casa, mas-vendidos",TRUE,Title,Default Title,,,,,3333449:51:00,0.0,shopify,0,continue,manual,33136.2,,TRUE,FALSE,,https://cdn.shopify.com/s/files/1/0640/7225/3577/files/HTB15rdLohuTBuNkHFNRq6A9qpXan.jpg?v=1717510477,1,,FALSE,,,,,,,,,,,,,,https://cdn.shopify.com/s/files/1/0640/7225/3577/files/H4985f00c8171417eaab964fbf7d3fcd5E.jpg?v=1717510477,kg,,,TRUE,,,TRUE,,,active
black-iron-wall-light-hook-bracket-wind-chimes-garden-hanging-basket-planter-lantern-flower-pot-home-decoration,Juego de soportes para colgar de metal en forma de J,"<h1 style=""text-align: center;""> <span style=""color: rgb(0, 170, 255);"">Juego de soportes para colgar de metal en forma de J</span>
</h1>
<p style=""text-align: center;""> ¿Estás cansado de buscar un soporte que combine perfectamente con la decoración de tu hogar? ¿Buscas algo resistente, duradero y bonito para colgar tus adornos favoritos? Si es así, ¡el juego de soportes colgantes de metal en forma de J es exactamente lo que necesita!</p>
<p style=""text-align: center;""><img src=""https://imgs.ponto.com.br/1538088371/1xg.jpg"" width=""500"" height=""500""></p>
<p data-pm-slice=""1 1 []"" style=""text-align: center;"">Este juego tiene dos pares de ganchos metálicos en forma de D. Están fabricados con acero galvanizado resistente a la corrosión y tienen una fina capa protectora para evitar rayones. Además, cada par viene con cuatro tornillos listos para su instalación. Son adecuados para colgar comederos para pájaros, faroles, macetas, cestas decorativas y mucho más, ¡todo para embellecer su hogar!</p>
<p data-pm-slice=""1 1 []"" style=""text-align: center;""><br></p>",DSERS,Sem categoria,genéricos,"casa, mas-vendidos",TRUE,Color,negro  10pcs,,,,,14:202010806#black   10pcs,0.0,shopify,0,continue,manual,51586.2,,TRUE,FALSE,,https://cdn.shopify.com/s/files/1/0640/7225/3577/files/H6874eeacc6a34755a39780f396140ef2Z.jpg?v=1717510473,1,,FALSE,,,,,,,,,,,,,,https://cdn.shopify.com/s/files/1/0640/7225/3577/files/H7f66b505ead54ccaa0fefce244802601A.jpg?v=1717510473,kg,,,TRUE,,,TRUE,,,active
dog-puzzle-toys-pet-food-interactive-tumbler-slow-feeder-funny-toy-food-treat-dispenser-for-pet-dogs-cats-training-dog-supplies,Juguete dispensador de comida para mascotas,"<h1 data-mce-fragment=""1"" style=""text-align: center;"" class=""product-title""><span style=""color: rgb(255, 42, 0);"">Juguete dispensador de comida para mascotas</span></h1>
<p data-mce-fragment=""1""> </p>
<p data-mce-fragment=""1"" data-pm-slice=""1 1 []"">¿Tiene dificultades para alimentar a su perro o gato? ¿Es complicado conseguir que coman despacio estimulando su inteligencia? El Dispensador de Comida para Mascotas es el producto ideal para estos problemas. Este robot inteligente estimula el coeficiente intelectual de tu mascota sin necesidad de energía: basta con llenarlo con la comida favorita del animal y jugará mientras come. Sus mecanismos especiales permiten controlar la velocidad de la alimentación, proporcionando comidas más sanas y más lentas.</p>
<p data-mce-fragment=""1"" data-pm-slice=""1 1 []""><span data-mce-fragment=""1""><img data-mce-fragment=""1"" src=""https://cdn.shopify.com/s/files/1/0667/1699/1792/files/S0c5983367ad747a5b2e20e4b140fe97bo_973448f4-948c-4bfe-829b-0325cc32ad85_480x480.jpg?v=1669155994"" data-mce-src=""https://cdn.shopify.com/s/files/1/0667/1699/1792/files/S0c5983367ad747a5b2e20e4b140fe97bo_973448f4-948c-4bfe-829b-0325cc32ad85_480x480.jpg?v=1669155994""></span></p>
<p data-mce-fragment=""1"" data-pm-slice=""1 1 []""><span data-mce-fragment=""1""> ¡Además, se ha convertido en un juguete interactivo para mascotas! El dispensador se puede mover en cualquier dirección desafiando las capacidades intelectuales de los animales. Así tendrás menos trabajo a la hora de comer y no tendrás que preocuparte por tu salud cuando estés lejos de él. Con este Dispensador de Comida para Mascotas no sólo ofrecerás una dieta saludable sino que también promoverás momentos divertidos entre tú y tus amigos peludos.</span></p>
<p data-mce-fragment=""1"" data-pm-slice=""1 1 []""><span data-mce-fragment=""1""><img data-mce-fragment=""1"" height=""574"" width=""574"" src=""https://ae01.alicdn.com/kf/S68c6e741cc92449c8a86f2b679bc9ad8Y/C-o-quebra-cabe-a-brinquedos-para-animais-de-estima-o-comida-interativa-tumbler-alimentador-lento.jpg_Q90.jpg_.webp"" alt=""Cão quebra-cabeça brinquedos para animais de estimação comida interativa tumbler alimentador lento engraçado brinquedo tratar comida dispensador para cães gatos treinamento suprimentos para cães"" data-mce-src=""https://ae01.alicdn.com/kf/S68c6e741cc92449c8a86f2b679bc9ad8Y/C-o-quebra-cabe-a-brinquedos-para-animais-de-estima-o-comida-interativa-tumbler-alimentador-lento.jpg_Q90.jpg_.webp""></span></p>
<p data-mce-fragment=""1"" data-pm-slice=""1 1 []""> </p>
<p data-mce-fragment=""1"" data-pm-slice=""1 1 []""><br></p>",DSERS,Sem categoria,genéricos,"mas-vendidos, pets",TRUE,Color,verde,,,,,14:29#Green;200007763:201441035,0.0,shopify,0,continue,manual,78043.5,99.630,TRUE,FALSE,,https://cdn.shopify.com/s/files/1/0640/7225/3577/files/S68c6e741cc92449c8a86f2b679bc9ad8Y.webp?v=1717510470,1,,FALSE,,,,,,,,,,,,,,https://cdn.shopify.com/s/files/1/0640/7225/3577/files/Sb05aedfbc75849adb282ca9d27ac991ax.webp?v=1717510470,kg,,,TRUE,,,TRUE,,,active
tlny-19colors-large-pet-cat-dog-bed-warm-cozy-dog-house-soft-fleece-nest-dog-baskets-mat-waterproof-kennel-chew-proof-dog-bed,Cama confort para cães e gatos,"<h1 data-mce-fragment=""1""><span style=""color: #ff8000;"" data-mce-fragment=""1"">Cama confort para cães e gatos</span></h1>
<p data-pm-slice=""1 1 []"" data-mce-fragment=""1"">Procurando um lugar confortável para o seu animal de estimação? Estamos aqui para ajudar. Se você estiver procurando por uma cama que proporcione aconchego e conforto, nossa Cama Conforto Para Cães e Gatos é exatamente o que você precisa. Feita com materiais resistentes e duradouros, essa cama tem um design moderno, disponível em várias cores e tamanhos diferentes. </p>
<p data-mce-fragment=""1""><span data-mce-fragment=""1""><img src=""https://ae01.alicdn.com/kf/H94f7fe5af5334c1487886a44c9de398dQ.jpg"" width=""553"" height=""473"" data-mce-fragment=""1"" data-mce-src=""https://ae01.alicdn.com/kf/H94f7fe5af5334c1487886a44c9de398dQ.jpg""></span></p>
<p data-mce-fragment=""1""><span data-mce-fragment=""1"">O colchão macio oferece apoio ideal às costas do seu animal de estimação enquanto ele descansa tranquilamente. Além disso, as laterais da cama são revestidas com material suave que mantem a temperatura agradável dentro dela. No aconchego do lar o seu animal de estimação vai ficar muito agradecido por você proporcionar momentos confortáveis . Nossa Cama Confort Para Cães e Gatos garante maior mobilidade no sono dos animais domésticos sem sacrificar o bem-estar físico . Com isso , suas noites serão muito melhores !</span></p>
<p data-mce-fragment=""1""><span data-mce-fragment=""1""><img src=""https://ae01.alicdn.com/kf/H4f1dc8c7129a4f0bacb02eb2d0a0e032O.jpg"" width=""539"" height=""412"" data-mce-fragment=""1"" data-mce-src=""https://ae01.alicdn.com/kf/H4f1dc8c7129a4f0bacb02eb2d0a0e032O.jpg""></span></p>
<p data-mce-fragment=""1""> </p>
<p data-mce-fragment=""1""><span data-mce-fragment=""1""><img alt="""" src=""https://cdn.shopify.com/s/files/1/0682/9211/6786/files/Capturar_480x480.jpg?v=1669914631"" data-mce-fragment=""1"" data-mce-src=""https://cdn.shopify.com/s/files/1/0682/9211/6786/files/Capturar_480x480.jpg?v=1669914631""></span></p>",DSERS,,genéricos,"mais-vendidos, pets",TRUE,Color,rosa,Tamanho,S 43cmX32cm,,,14:29#Rose;5:100014066#S 43cmX32cm,0.0,shopify,0,continue,manual,62656.2,,TRUE,FALSE,,https://cdn.shopify.com/s/files/1/0640/7225/3577/files/Ha79b3123b59744208a67367918e54c880.jpg?v=1717510466,1,,FALSE,,,,,,,,,,,,,,https://cdn.shopify.com/s/files/1/0640/7225/3577/files/He2d454c365a34b798cd5c5b3a70ad1cco.webp?v=1717510466,kg,,,TRUE,,,TRUE,,,active
funny-banana-cat-bed-house-cute-cozy-cat-mat-beds-warm-durable-portable-pet-basket-kennel-dog-cushion-cat-supplies-multicolor,Cama de plátano para mascotas,"<h1 style=""text-align: center;""><span style=""color: rgb(128, 255, 0);"">Cama de plátano para mascotas</span></h1>
<div style=""text-align: center;"">
<span></span><br>
</div>
<div data-pm-slice=""1 1 []"" style=""text-align: center;"">Las mascotas suelen ponerse ansiosas o estresadas y necesitan un ambiente tranquilo para descansar. Si tienes una mascota que experimenta estos síntomas, la Banana Bed es la solución perfecta para ofrecerle mayor comodidad y seguridad. La forma única de la cama en forma de plátano proporciona una sensación protectora que calma el sistema nervioso de la mascota y alivia el estrés del día. La Banana Bed cuenta con un tejido suave y liso que brinda protección total a los músculos de los animales, manteniéndolos relajados mientras duermen plácidamente en su interior. Además, también es extraíble para facilitar la limpieza.<img height=""537"" width=""536"" src=""https://ae01.alicdn.com/kf/Hf19e532add83402fa899fd7ec04aeeeew.jpg"">
</div>
<div style=""text-align: center;"">¡Esta increíble cama fue especialmente desarrollada para garantizar el confort ideal y satisfacer de forma segura las necesidades de sus mascotas durante todo el día! Con diseño moderno, colores vibrantes y material resistente a la intemperie; Este producto agregará encanto a la decoración del hogar y al mismo tiempo ofrecerá beneficios importantes, como fomentar horarios de sueño regulares y saludables para sus queridas mascotas.</div>
<div style=""text-align: center;"">
<img alt=""Image"" src=""https://cobasi.vteximg.com.br/arquivos/ids/939341/image-918ec57fbed44b61b9ccf79a2da196f8.jpg?v=637855614416970000"" data-mce-src=""https://cobasi.vteximg.com.br/arquivos/ids/939341/image-918ec57fbed44b61b9ccf79a2da196f8.jpg?v=637855614416970000"" data-mce-fragment=""1""><span></span>
</div>
<div style=""text-align: center;""> </div>
<div style=""text-align: center;""><br></div>
<div style=""text-align: center;""> </div>
<p> </p>
<p> </p>",DSERS,Sem categoria,genéricos,"mas-vendidos, pets",TRUE,Tamaño,S,,,,,14:29#Yellow;5:100014064#S For under 3 Ibs,0.0,shopify,0,continue,manual,103246.2,,TRUE,FALSE,,https://cdn.shopify.com/s/files/1/0640/7225/3577/files/Sb8574d967bd3440297fe5cb8e56b8116e.webp?v=1717510463,1,,FALSE,,,,,,,,,,,,,,https://cdn.shopify.com/s/files/1/0640/7225/3577/files/S6a9bbdbf4174446aa62b3596362bde838.webp?v=1717510463,kg,,,TRUE,,,TRUE,,,active
for-sony-ps3-controller-support-bluetooth-for-pc-gamepad-for-sony-ps3-console-controle-mando-joystick-pc-game,Mando inalámbrico - ps3,"<h1 style=""text-align: center;""><span style=""color: rgb(255, 42, 0);"">Mando inalámbrico - ps3</span></h1>
<div><br></div>
<div>
<p data-pm-slice=""1 1 []"" style=""text-align: center;"">¿Alguna vez te has sentido frustrado con los controles de tu Playstation 3? ¿Quieres tener una experiencia de juego más realista e inmersiva, pero no sabes cómo? El controlador inalámbrico - PS3 es la solución perfecta para sus necesidades. Con un diseño ergonómico e inalámbrico, Bluetooth y botones fáciles de usar, una forma que se adapta de forma segura a tus manos y sensores de presión que vibran según tus acciones en el juego.<br><img src=""https://cdn.shopify.com/s/files/1/0675/7007/3898/files/H9867bf44ddf74611b0f02b227362f8954_480x480.webp?v=1668649727"" width=""362"" height=""362"" style=""display: block; margin-left: auto; margin-right: auto;"" data-mce-fragment=""1"" data-mce-src=""https://cdn.shopify.com/s/files/1/0675/7007/3898/files/H9867bf44ddf74611b0f02b227362f8954_480x480.webp?v=1668649727""></p>
<div>
<p data-pm-slice=""1 1 []"" style=""text-align: center;""><span> Además, el controlador tiene una batería recargable incorporada para brindar horas de diversión con una sola carga. También es liviano para que puedas jugar durante horas sin cansar tus manos. ¡Disfruta de estas características exclusivas del Mando Inalámbrico - PS3 ahora mismo! Experimente la libertad de un movimiento preciso gracias a la innovadora tecnología inalámbrica Bluetooth. ¡Disfruta de la diferente sensibilidad de los botones sensibles a la presión que permiten una mejor inmersión en tus juegos favoritos durante todo el juego! ¡Consigue mayor comodidad mientras controlas las funciones principales gracias a la ergonomía avanzada de este increíble producto!</span></p>
</div>
<p data-pm-slice=""1 1 []""><img src=""https://image.made-in-china.com/43f34j00NkWucKmYfpbI/PS3-Joystick-Console-Controle-for-Sony-Playstation-3-Game-Pad-Joypad-Accessory.webp"" alt=""PS3 Console Joystick Controle para a Sony Playstation 3 comando de jogos Joypad Acessório"" style=""display: block; margin-left: auto; margin-right: auto;"" data-mce-fragment=""1"" data-mce-src=""https://image.made-in-china.com/43f34j00NkWucKmYfpbI/PS3-Joystick-Console-Controle-for-Sony-Playstation-3-Game-Pad-Joypad-Accessory.webp""></p>
<p data-pm-slice=""1 1 []""> </p>
<p data-pm-slice=""1 1 []"" style=""text-align: center;""><br></p>
</div>",DSERS,Sem categoria,genéricos,"electrónica, mas-vendidos",TRUE,Color,negro,,,,,14:94#CM2 for PS3 No Cable;200007763:201336100,0.0,shopify,0,continue,manual,66346.2,110626.2,TRUE,FALSE,,https://cdn.shopify.com/s/files/1/0640/7225/3577/files/S0b83d25c66fd494c8c56b02ce4ae157ef.jpg?v=1717510460,1,,FALSE,,,,,,,,,,,,,,https://cdn.shopify.com/s/files/1/0640/7225/3577/files/Seafcdca413354a399175b26026aa1ab1W.jpg?v=1717510460,kg,,,TRUE,,,TRUE,,,active
suporte-ergonomico-portatil,Soporte Ergonómico Portátil,"<h1 style=""text-align: center;"" data-mce-fragment=""1""><span style=""color: rgb(0, 170, 255);"">Soporte Ergonómico Portátil</span></h1>
<div style=""text-align: center;"" data-mce-fragment=""1""><br></div>
<div style=""text-align: center;"" data-mce-fragment=""1"">Descubre el soporte Plegable para sostener tu celular que llegó para brindarte una Mejor Calidad de Vida y poner fin al Dolor y Molestias al utilizar tu celular.</div>
<div style=""text-align: center;"" data-mce-fragment=""1""></div>
<div style=""text-align: center;"" data-mce-fragment=""1""></div>
<div data-mce-fragment=""1""><img height=""252"" width=""448"" src=""https://cdn.shopify.com/s/files/1/0505/3982/3284/files/ezgif.com-gif-maker_480x480_3e9e29e9-1334-4725-ab51-f9759a2c5107_480x480.gif?v=1644192957"" alt="""" style=""display: block; margin-left: auto; margin-right: auto;"" data-mce-fragment=""1"" data-mce-src=""https://cdn.shopify.com/s/files/1/0505/3982/3284/files/ezgif.com-gif-maker_480x480_3e9e29e9-1334-4725-ab51-f9759a2c5107_480x480.gif?v=1644192957""></div>
<div data-mce-fragment=""1""><br data-mce-fragment=""1""></div>
<div style=""text-align: center;"" data-mce-fragment=""1""><strong>¡NO MÁS SENTIR DOLOR EN LA COLUMNA Y EL CUELLO!</strong></div>
<div style=""text-align: center;"" data-mce-fragment=""1"">
<br>¡Diseñado con un diseño ergonómico para que puedas ajustarlo según tus necesidades! Su estabilidad es increíble, con tela antideslizante y lo mejor de todo es que es plegable y sumamente portátil.</div>
<div style=""text-align: center;"" data-mce-fragment=""1"">
<br><strong>Mira películas, transmite en vivo, realiza llamadas largas o toma clases, lee libros, entre otros.</strong>
</div>
<div style=""text-align: center;"" data-mce-fragment=""1""><strong></strong></div>
<div data-mce-fragment=""1""><img alt="""" src=""https://cdn.shopify.com/s/files/1/0505/3982/3284/files/QaYuIOV_d6e838c9-ff35-4cb9-91bf-105743eace58_480x480.png?v=1644193645"" width=""448"" height=""448"" style=""display: block; margin-left: auto; margin-right: auto;"" data-mce-fragment=""1"" data-mce-src=""https://cdn.shopify.com/s/files/1/0505/3982/3284/files/QaYuIOV_d6e838c9-ff35-4cb9-91bf-105743eace58_480x480.png?v=1644193645""></div>
<div data-mce-fragment=""1"">
<strong data-mce-fragment=""1""></strong><br data-mce-fragment=""1"">
</div>
<h3 data-mce-fragment=""1"">BENEFICIOS:</h3>
<h3>
<br>✅Multifuncional: Puede usarse como soporte para celulares o tablets.<br>✅Portátil: ¡Se puede llevar en bolsos e incluso en el bolsillo!<br>✅Antideslizante: Tiene material antideslizante en su superficie que asegura que tu celular o tablet no se resbale.<br>✅Ajustable: Tiene ajustes de ángulo, altura y posición para garantizar la comodidad de cualquier persona.</h3>
<div style=""text-align: center;"" data-mce-fragment=""1""><br></div>",DSERS,Sem categoria,genéricos,"electrónica, mas-vendidos",TRUE,Title,Default Title,,,,,,0.0,shopify,0,continue,manual,103246.2,,TRUE,FALSE,,https://cdn.shopify.com/s/files/1/0640/7225/3577/files/Hadaa23f64c5847b8820cb45faeeea905w_720x_500x_add01f2a-2f29-40bb-8cc8-af6f5dae2c69.jpg?v=1717510457,1,,FALSE,,,,,,,,,,,,,,,kg,,,TRUE,,,TRUE,,,active
corda-de-pular-nivel-avancado,Saltar la cuerda - Nivel avanzado,"<div class=""rte product-single__description"" data-mce-fragment=""1"" itemprop=""description"">
<h1 style=""text-align: center;"" data-mce-fragment=""1""><span style=""color: rgb(128, 128, 128);"">Saltar la cuerda - Nivel avanzado</span></h1>
<p style=""text-align: center;"" data-mce-fragment=""1"">Comba de saltar de nivel profesional, con cable de acero ajustable de 3 metros. Diseño avanzado, de alta velocidad y muy ligero. Recomendado para entrenamiento de crossfit y boxeo.</p>
<p style=""text-align: center;"" data-mce-fragment=""1""><img src=""https://cdn.shopify.com/s/files/1/0560/0342/8506/products/corda-de-pular-profissional-com-cabos-de-aco-para-crossfit-boxe_5_480x480.jpg?v=1636551770"" alt="""" style=""display: block; margin-left: auto; margin-right: auto;"" data-mce-fragment=""1"" data-mce-src=""https://cdn.shopify.com/s/files/1/0560/0342/8506/products/corda-de-pular-profissional-com-cabos-de-aco-para-crossfit-boxe_5_480x480.jpg?v=1636551770""><br data-mce-fragment=""1""><br data-mce-fragment=""1"">Saltar la cuerda es uno de los mejores ejercicios cardiovasculares. Produce resultados rápidos, es económico y se puede realizar en cualquier lugar y en cualquier momento. También ayuda a perder peso y mejora la frecuencia cardiorrespiratoria.<br></p>
<p data-mce-fragment=""1""><img src=""https://cdn.shopify.com/s/files/1/0560/0342/8506/products/corda-de-pular-profissional-com-cabos-de-aco-para-crossfit-boxe_6_480x480.jpg?v=1636551770"" alt="""" style=""display: block; margin-left: auto; margin-right: auto;"" data-mce-fragment=""1"" data-mce-src=""https://cdn.shopify.com/s/files/1/0560/0342/8506/products/corda-de-pular-profissional-com-cabos-de-aco-para-crossfit-boxe_6_480x480.jpg?v=1636551770""><br data-mce-fragment=""1""><br data-mce-fragment=""1""></p>
<p><strong>Beneficios</strong><br>Ejercicio aeróbico que quema muchas calorías.<br>Fortalece muslos, pantorrillas, abdomen y brazos.<br>Mejora el ritmo, la coordinación y el equilibrio.</p>
<p><strong>Dimensiones</strong><br>Tamaño de la cuerda: 3 metros (ajustable)<br>Longitud de la correa: 14 cm</p>
<p><strong>Material</strong><br>Cable de acero recubierto de PVC</p>
<p data-mce-fragment=""1""><span data-mce-fragment=""1""><img src=""https://cdn.shopify.com/s/files/1/0560/0342/8506/products/corda-de-pular-profissional-com-cabos-de-aco-para-crossfit-boxe_4_480x480.jpg?v=1636551770"" alt="""" style=""display: block; margin-left: auto; margin-right: auto;"" data-mce-fragment=""1"" data-mce-src=""https://cdn.shopify.com/s/files/1/0560/0342/8506/products/corda-de-pular-profissional-com-cabos-de-aco-para-crossfit-boxe_4_480x480.jpg?v=1636551770""><br></span></p>
<p style=""text-align: center;"" data-mce-fragment=""1""><br></p>
</div>",DSERS,Sem categoria,genéricos,"fitness, mas-vendidos",TRUE,Color,Azul,,,,,,0.0,shopify,0,continue,manual,147526.2,,TRUE,TRUE,,https://cdn.shopify.com/s/files/1/0640/7225/3577/files/Hc5632c3ec477469d97b9ab39bd5bf764m.jpg?v=1717510454,1,Corda de Pular - Nível Avançado - loja top certa,FALSE,,,,,,,,,,,,,,,kg,,,TRUE,,,TRUE,,,active
toddler-baby-walking-harnesses-backpack-leashes-for-little-children-kids-assistant-learning-safety-reins-harness-walker,Andador Baby Walker,"<h1 style=""text-align: center;"" data-mce-style=""text-align: center;""><span style=""color: #ff8000;"" data-mce-style=""color: #ff8000;"">Andador Baby Walker </span></h1>
<p style=""text-align: center;"" data-mce-style=""text-align: center;""> </p>
<h3 style=""text-align: center;"" dir=""ltr"" data-ved=""2ahUKEwiiyvyG4rqGAxW6qJUCHRllBtcQ3ewLegQIBRAU"" aria-label=""Texto traduzido"" id=""tw-target-text"" data-placeholder=""Tradução"" class=""tw-data-text tw-text-large tw-ta"" data-mce-style=""text-align: center;""><span style=""color: rgb(128, 128, 128);"" lang=""es"" class=""Y2IQFc"" data-mce-style=""color: rgb(128, 128, 128);"">El andador Baby Walker Assistant Primeros Pasos es ideal para que los más pequeños descubran el mundo que les rodea. Dispone de ruedas que permiten al bebé moverse libremente y apoyarse en el andador. Además, el andador cuenta con un asiento cómodo y regulable, además de multitud de actividades para entretener al bebé, como luces, música y sonidos.</span></h3>
<p style=""text-align: center;"" data-mce-style=""text-align: center;""><span data-mce-fragment=""1"" data-offset-key=""f4eio-171-0""><img src=""https://http2.mlstatic.com/D_NQ_NP_770276-MLB30934974915_062019-O.webp"" data-mce-src=""https://http2.mlstatic.com/D_NQ_NP_770276-MLB30934974915_062019-O.webp""></span></p>
<h3 style=""text-align: center;"" data-mce-style=""text-align: center;""><span style=""color: rgb(128, 128, 128);"" data-mce-style=""color: rgb(128, 128, 128);"">El andador también tiene un asa extraíble y ajustable para hacerlo más seguro y permitir que el bebé crezca con el andador.</span></h3>
<p style=""text-align: center;"" data-mce-style=""text-align: center;""><span data-mce-fragment=""1"" data-offset-key=""f4eio-215-0""><img src=""https://http2.mlstatic.com/D_NQ_NP_967878-MLB47298316717_082021-O.webp"" data-mce-src=""https://http2.mlstatic.com/D_NQ_NP_967878-MLB47298316717_082021-O.webp""></span></p>
<h3 class=""tw-data-text tw-text-large tw-ta"" data-placeholder=""Tradução"" id=""tw-target-text"" aria-label=""Texto traduzido"" data-ved=""2ahUKEwiiyvyG4rqGAxW6qJUCHRllBtcQ3ewLegQIBRAU"" dir=""ltr""><strong><span class=""Y2IQFc"" lang=""es"">Especificaciones:</span></strong></h3>
<ul>
<li><span data-mce-fragment=""1"" data-offset-key=""f4eio-215-0"">Material: plástico<br>Edade recomendada: 6 a 24 meses<br>Peso máximo soportado: 12 kg<br>Altura del asiento ajustable: 18 cm<br>Con luces, música y sonidos<br>Correa extraíble y ajustable</span></li>
<li><span data-mce-fragment=""1"" data-offset-key=""f4eio-215-0"">Ruedas que permitem al bebé moverse libremente</span></li>
<li><span data-mce-fragment=""1"" data-offset-key=""f4eio-215-0""><span>Asiento cómodo ajustable</span><br></span></li>
<li dir=""ltr"" data-ved=""2ahUKEwiiyvyG4rqGAxW6qJUCHRllBtcQ3ewLegQIBRAU"" aria-label=""Texto traduzido"" id=""tw-target-text"" data-placeholder=""Tradução"" class=""tw-data-text tw-text-large tw-ta""><span lang=""es"" class=""Y2IQFc"">Dimensiones del producto (LxAnxAl): 56x56x62 cm</span></li>
</ul>",DSERS,Sem categoria,genéricos,"kids, mas-vendidos",TRUE,Color,azul oscuro,,,,,14:10#1,0.0,shopify,0,continue,manual,110626.2,,TRUE,FALSE,,https://cdn.shopify.com/s/files/1/0640/7225/3577/files/S1526936d25c9457591636e2206196a5de.jpg?v=1717510452,1,,FALSE,,,,,,,,,,,,,,https://cdn.shopify.com/s/files/1/0640/7225/3577/files/S6679ffa186814e6995e989809e944ffeU.jpg?v=1717510452,kg,,,TRUE,,,TRUE,,,active
inflatable-baby-seat-sofa-baby-bathroom-stool-baby-support-resting-armchair-baby-feeding-dining-chair-learning-sitting-seats,Asiento inflable para bebe,"<h1 style=""text-align: center;""><span style=""color: rgb(255, 0, 255);"">Asiento inflable para bebe</span></h1>
<p> </p>
<p>Esta silla de bebé hinchable es ideal para niños mayores de 3 años. Está fabricado con un material resistente y duradero y tiene un diseño ergonómico para brindar comodidad y soporte. La silla viene con un sistema de inflado rápido y seguro, y viene con correas laterales para mayor seguridad. Es perfecto para usar en casa o mientras viaja, y es fácil de montar y limpiar. También es excelente para ayudar a los niños a desarrollar buenos hábitos para sentarse</p>
<p><span style=""color: #ff00ff;""><img src=""https://http2.mlstatic.com/D_NQ_NP_2X_667207-CBT48480316260_122021-F.webp"" width=""440"" height=""446"" style=""display: block; margin-left: auto; margin-right: auto;""></span></p>
<p> </p>
<h4><strong>Especificaciones</strong></h4>
<p>-Material: PVC</p>
<p>-Tamaño: 60x40cm</p>
<p>-Peso: 1kg</p>
<p>-Color rojo</p>
<p><span style=""color: #ff00ff;""><br></span></p>",DSERS,Sem categoria,genéricos,"kids, mais-vendidos",TRUE,Estilo,fruta 50x47x28cm,,,,,14:200006152#Fruit 50x47x28cm,0.0,shopify,0,continue,manual,81106.2,,TRUE,FALSE,,https://cdn.shopify.com/s/files/1/0640/7225/3577/files/Sf8bd24c45234498ba1f4cd623655012dW.jpg?v=1717510449,1,,FALSE,,,,,,,,,,,,,,https://cdn.shopify.com/s/files/1/0640/7225/3577/files/Sf78ea21e7f3e4b448c15b713ebaffc44W.jpg?v=1717510449,kg,,,TRUE,,,TRUE,,,active
,,,,,,,,,,,,,,,,,,,,,,,,,,,,,,,,,,,,,,,,,,,,,,,,,,,,
,,,,,,,,,,,,,,,,,,,,,,,,,,,,,,,,,,,,,,,,,,,,,,,,,,,,
,,,,,,,,,,,,,,,,,,,,,,,,,,,,,,,,,,,,,,,,,,,,,,,,,,,,
,,,,,,,,,,,,,,,,,,,,,,,,,,,,,,,,,,,,,,,,,,,,,,,,,,,,
,,,,,,,,,,,,,,,,,,,,,,,,,,,,,,,,,,,,,,,,,,,,,,,,,,,,
,,,,,,,,,,,,,,,,,,,,,,,,,,,,,,,,,,,,,,,,,,,,,,,,,,,,
,,,,,,,,,,,,,,,,,,,,,,,,,,,,,,,,,,,,,,,,,,,,,,,,,,,,
,,,,,,,,,,,,,,,,,,,,,,,,,,,,,,,,,,,,,,,,,,,,,,,,,,,,
,,,,,,,,,,,,,,,,,,,,99630,,,,,,,,,,,,,,,,,,,,,,,,,,,,,,,,
,,,,,,,,,,,,,,,,,,,,,,,,,,,,,,,,,,,,,,,,,,,,,,,,,,,,
,,,,,,,,,,,,,,,,,,,,,,,,,,,,,,,,,,,,,,,,,,,,,,,,,,,,
,,,,,,,,,,,,,,,,,,,,,,,,,,,,,,,,,,,,,,,,,,,,,,,,,,,,
,,,,,,,,,,,,,,,,,,,,,,,,,,,,,,,,,,,,,,,,,,,,,,,,,,,,
,,,,,,,,,,,,,,,,,,,,110626.2,,,,,,,,,,,,,,,,,,,,,,,,,,,,,,,,